Subject,Condition,Gender,ZSTEM,ZNonSTEM,Zevap2,Zmathdevalue,ZSAQ1,ZMATHIDcomp,ZTone_pos,ZRAT_PercentCorrect,ZNback_Correct,Zcoratmpt,ZEngpercentDiff,ZCMpercentDiff
10123,2,1,,,,,,,0.86162,,,,,
10203,2,2,,,-0.30551,-1.17724,0.47347,0.66181,-1.92112,0.39767,1.01340,-0.72406,,
40193,1,2,,,1.53818,0.91754,1.56668,-0.38781,-0.31016,-0.97973,-1.20573,-1.71144,,
20155,2,1,,,,1.72323,,-1.07410,,3.15246,,-0.50464,,
678,1,2,,,-0.30551,1.56209,-0.07313,-0.50892,0.58213,-0.52059,,-0.26328,,
20137,1,1,,,0.61634,0.27299,-1.71295,-0.22633,-1.22266,3.15246,-1.20573,1.00386,,
40108,1,2,,,0.61634,0.91754,-0.61974,-0.02448,-0.42344,-0.97973,1.56818,-1.71144,,
13513,2,1,,2.07826,-0.30551,0.27299,-0.61974,-0.22633,0.86162,-0.97973,-2.03790,0.46080,,
6592,1,2,-0.37169,-0.34255,0.61634,0.11185,0.47347,-0.10522,0.86162,0.39767,1.01340,1.10443,,
10163,2,1,-0.30459,-0.14258,-0.30551,-0.21042,-2.25955,-0.06485,0.86162,1.31593,-0.65095,-0.80634,,
10176,1,1,-0.27987,-0.26917,-0.30551,-0.04928,-0.61974,-0.18596,-0.44792,-0.52059,-0.92834,-0.98736,,
10327,1,2,0.92426,0.47082,-1.22735,2.04550,0.47347,-1.19520,-1.87928,-0.97973,-0.37356,-0.98736,,
20101,2,1,-0.46633,-0.44675,0.61634,0.43413,-0.61974,-0.38781,-1.22266,0.85680,-0.09617,0.09876,,
20131,2,1,0.00043,-0.18622,0.61634,0.27299,1.56668,-0.10522,-1.92767,-0.52059,0.18122,1.90896,,
20141,2,1,-0.44726,-0.34768,1.53818,0.27299,-0.07313,-0.34744,-1.22266,0.39767,-1.20573,0.35736,,
22093,1,1,0.98588,0.44486,1.53818,-0.04928,-1.71295,-0.14559,-1.22266,-0.97973,,-0.74600,,
23629,2,1,-0.31635,0.05119,-0.30551,0.59527,-0.61974,-0.38781,-1.22266,-0.97973,-1.48312,-0.98736,,
30058,2,2,1.88177,0.68468,1.53818,-1.17724,0.47347,0.25811,0.34817,1.31593,0.45861,-0.80634,,
30129,2,2,-0.12527,-0.08118,-1.22735,1.72323,0.47347,-0.58966,0.86162,-0.97973,-0.92834,-1.40974,,
30287,2,2,0.29866,0.27696,1.53818,-1.17724,1.02008,0.54070,-1.22266,1.77506,0.73601,1.90896,,
30297,2,2,-0.14743,0.17395,-1.22735,1.40095,0.47347,-0.95299,0.86162,-0.97973,-0.65095,0.92158,,
30315,2,2,-0.12403,-0.11495,1.53818,-0.53269,0.47347,0.45996,0.54854,2.23419,-0.37356,-0.80634,,
40162,1,1,-0.38478,-0.32507,1.53818,-0.69383,1.56668,0.45996,-1.22266,-0.52059,-0.92834,0.46080,,
40214,1,2,-0.32754,-0.30404,-1.22735,-0.85497,0.47347,0.21774,0.41249,0.85680,-0.65095,-0.50464,,
40133,1,2,-0.30768,-0.27561,1.53818,-0.21042,-0.07313,0.13700,-1.22266,0.39767,-0.09617,-0.04048,,
30306,2,2,-0.70506,-0.54024,0.61634,-0.69383,0.47347,0.50033,-1.89664,-0.97973,0.73601,1.45641,,
20139,2,1,0.40898,0.34959,1.53818,-0.85497,0.47347,0.70218,0.50044,-0.52059,0.18122,1.00386,,
20117,2,1,-0.13513,0.02332,1.53818,-0.69383,1.56668,0.78292,0.86162,-0.97973,-0.09617,0.09876,,
7126,1,1,0.06768,-0.01008,1.53818,-1.82179,-0.61974,0.58107,0.86162,-0.52059,-2.03790,0.70216,,
20037,2,1,-0.10184,-0.19386,0.61634,-1.49952,0.47347,0.54070,-0.34602,-0.97973,1.01340,1.90896,,
30299,2,2,-2.07474,-1.66662,0.61634,-1.33838,-0.61974,0.37922,0.70821,-0.52059,-0.37356,1.90896,,
30203,2,2,0.66005,0.05368,-1.22735,1.07868,-0.07313,-0.54929,-1.47967,0.85680,2.12296,0.09876,,
40209,1,1,0.02073,-0.02915,1.53818,0.27299,0.47347,0.05626,0.29267,2.69332,-0.37356,1.00386,,
10092,1,2,-0.13201,-0.18434,-1.22735,0.75640,0.47347,-0.30707,0.68260,1.31593,,-0.26328,,
13597,2,1,-0.38054,-0.37428,0.61634,0.75640,-0.07313,-0.30707,0.86162,0.39767,1.01340,-0.80634,,
10063,1,2,0.18411,0.17351,0.61634,-1.49952,1.56668,0.45996,,-0.97973,,1.90896,,
7174,1,1,-0.55100,-0.48812,-1.22735,0.27299,-0.61974,-0.06485,0.82121,-0.97973,-1.76051,1.90896,,
13243,2,1,-0.42324,-0.35729,0.61634,-0.37156,0.47347,0.41959,0.86162,-0.97973,-0.37356,-0.35379,,
11638,1,1,-0.48415,-0.37946,-1.22735,1.23982,1.02008,-0.58966,-1.22266,1.31593,-1.20573,0.09876,,
8587,1,1,-0.11729,-0.00920,1.53818,0.11185,0.47347,0.25811,0.65613,-0.97973,0.45861,-0.50464,,
40178,1,1,-0.58385,-0.47268,0.61634,0.59527,0.47347,-0.14559,-1.75433,-0.06146,0.73601,-0.80634,,
30311,2,1,0.16724,0.16763,-1.22735,1.40095,-2.80616,-0.50892,-1.61544,-0.97973,1.29079,-1.71144,,
10324,1,2,0.13919,-0.06819,0.61634,-0.04928,-0.07313,0.25811,0.86162,-0.97973,0.45861,1.60726,,
20314,2,1,1.00113,2.02969,1.53818,0.27299,-1.16634,-0.22633,0.86162,-0.97973,2.12296,1.25071,,
22096,1,1,1.79509,0.88617,1.53818,0.27299,-0.61974,-0.06485,0.86162,-0.97973,,-0.74600,,
20656,2,1,0.67788,0.40723,1.53818,-1.17724,2.11329,0.25811,0.86162,-0.97973,-1.48312,,,
20135,2,1,-0.12017,-0.16999,1.53818,-0.37156,1.02008,0.13700,0.86162,-0.52059,1.01340,1.50670,,
30268,2,2,-0.29879,-0.27824,1.53818,-0.53269,0.47347,0.54070,-1.22266,-0.97973,1.56818,1.90896,,
20124,2,1,1.04263,0.99713,0.61634,-1.33838,1.02008,0.58107,0.70821,-0.97973,0.45861,0.82284,,
30276,2,2,-0.11074,-0.18195,-0.30551,-0.04928,-0.07313,0.13700,-0.45987,-0.52059,0.73601,0.09876,,
302744,2,2,0.17373,0.09271,0.61634,-0.69383,-0.07313,0.01589,-0.79516,-0.52059,,-0.26328,,
20111,2,1,0.09000,-0.05431,-0.30551,1.07868,-0.61974,-0.22633,-0.81793,-0.06146,-0.65095,-0.50464,,
40195,1,2,-0.15717,-0.33137,-0.30551,1.40095,0.47347,-0.38781,-1.87217,-0.06146,-0.65095,1.90896,,
30071,2,2,-0.15141,-0.12059,-1.22735,1.88437,-0.07313,-0.79151,-0.62609,0.85680,-0.65095,-0.80634,,
13936,1,1,3.07168,2.53208,0.61634,-0.69383,-0.07313,0.09663,0.28669,-0.97973,-0.37356,1.90896,,
4321,1,2,0.12345,0.09087,-1.22735,-0.21042,0.47347,-0.06485,0.86162,0.85680,-0.37356,-0.50464,,
20112,2,1,-0.57057,-0.50255,-1.22735,1.23982,-1.16634,-0.71077,0.86162,1.77506,0.18122,1.18488,,
20153,2,1,-0.42992,-0.35447,1.53818,-0.37156,1.56668,0.05626,-1.51127,-0.97973,-0.92834,1.50670,,
20317,1,1,0.48828,1.77903,0.61634,1.72323,-2.80616,0.13700,-1.92767,-0.97973,1.56818,-0.50464,,
30115,2,2,,,-1.22735,0.27299,-0.61974,0.01589,0.82889,-0.97973,,-1.22872,0.26612,
4279,1,2,-2.10776,-1.65209,-1.22735,0.91754,-0.61974,-0.30707,0.86162,1.31593,0.18122,-1.71144,0.68073,
23428,1,1,-0.18846,-0.17344,1.53818,-0.37156,0.47347,0.21774,0.73013,-0.06146,-0.37356,,1.87323,
7294,1,1,-0.52776,-0.44111,-0.30551,-0.53269,0.47347,0.29848,-1.22266,0.39767,-0.09617,0.09876,1.58763,
30173,2,2,0.36718,-0.03382,-1.22735,-2.14407,-0.07313,0.62144,0.86162,1.31593,-1.48312,-0.26328,1.58763,
30318,2,2,-0.65658,-0.52037,1.53818,-0.53269,-0.07313,0.09663,0.86162,-0.52059,-0.37356,1.90896,1.15111,
301766,2,2,0.43657,0.61263,-0.30551,-0.37156,-0.07313,-0.10522,-1.88184,-0.97973,,0.09876,,1.52926
101552,2,2,-0.45360,-0.41473,0.61634,0.11185,0.47347,0.13700,-0.40665,0.39767,1.29079,1.00386,,-0.88593
30135,2,2,-0.28247,-0.24000,1.53818,-0.69383,-0.07313,0.37922,0.86162,-0.06146,1.56818,0.70216,,0.11715
20116,2,1,0.34748,0.36856,-1.22735,1.40095,-0.61974,-0.30707,-1.92767,1.77506,-0.37356,-0.80634,,0.21749
10154,1,2,,,0.61634,-0.53269,1.56668,0.01589,-1.22266,-0.06146,0.18122,-1.71144,0.25054,-0.56142
7252,1,1,,,1.53818,-0.53269,-2.25955,0.13700,0.82121,-0.97973,-0.09617,1.90896,0.40223,0.10789
5092,1,2,,,-0.30551,-0.69383,1.56668,-0.38781,-0.05230,-0.52059,-1.20573,-1.71144,0.81875,0.20899
40080,1,2,,,-1.22735,-0.85497,-1.71295,0.17737,0.39399,1.31593,0.45861,0.09876,-0.72670,-0.65924
8335,1,1,,,-0.30551,0.59527,0.47347,-0.14559,0.39399,-0.97973,1.01340,0.35736,-1.85938,-0.37995
10666,2,2,,,-1.22735,1.72323,-1.71295,-0.46855,0.86162,-0.52059,-1.48312,-0.98736,0.92499,-0.40652
30158,2,2,,,0.61634,-0.69383,0.47347,0.45996,-0.06026,-0.97973,-1.48312,-1.10804,1.12805,-0.54789
7282,1,1,,,-1.22735,-0.85497,-1.16634,-0.02448,0.86162,0.39767,0.18122,1.10443,0.10786,0.03727
30053,2,2,,,1.53818,-0.53269,-0.07313,0.13700,0.67377,1.31593,-0.65095,0.09876,-0.33393,0.13970
897,1,2,,,-1.22735,0.59527,-0.07313,-0.14559,0.86162,1.77506,,0.09876,-0.50027,1.12327
890,1,1,,,-0.30551,0.27299,0.47347,-0.50892,0.86162,-0.06146,,0.09876,-0.23016,-0.22250
40116,1,2,,,1.53818,-1.17724,0.47347,0.50033,0.86162,-0.97973,0.45861,-0.80634,-0.46658,-0.25838
12178,1,1,,,-1.22735,1.07868,-0.07313,-0.30707,-1.86818,-0.06146,1.29079,0.55131,1.15124,0.15183
40110,1,1,,,1.53818,-0.37156,0.47347,0.13700,0.41249,-0.52059,1.01340,-0.15984,-0.32780,1.34214
938,1,2,,,-0.30551,-0.53269,1.02008,0.09663,0.00691,2.23419,,-0.26328,0.39369,-0.30436
40141,1,2,,,1.53818,-0.53269,2.11329,0.58107,0.86162,2.23419,1.01340,0.70216,-0.85040,-0.37666
1012322,2,1,,,-0.30551,-1.01611,-0.07313,0.21774,,-0.06146,,-0.80634,-0.21372,0.10073
9766,1,1,,,-1.22735,1.07868,-0.07313,-0.79151,-1.22266,-0.97973,0.18122,-0.74600,-1.60758,-0.82571
6637,1,1,,,0.61634,0.27299,-1.16634,-0.22633,0.86162,-0.97973,-0.65095,-0.80634,-1.17253,-0.75356
201552,2,1,,,0.61634,-1.33838,1.02008,0.45996,-0.98842,-0.06146,-2.31529,-0.50464,-1.88427,-1.23480
10828,1,1,,,-1.22735,0.43413,0.47347,-0.42818,-0.20428,3.15246,,0.70216,-0.05054,-0.31885
302822,2,2,,,-0.30551,-0.21042,2.11329,0.17737,-1.91571,-0.97973,,1.00386,0.99707,1.35370
3757,1,2,,,-1.22735,0.43413,-0.61974,-0.34744,0.63791,-0.97973,-0.92834,-0.67704,1.54252,2.38584
467,2,1,,,0.61634,0.11185,-2.80616,0.13700,-1.22266,0.39767,,0.46080,1.62049,1.76872
20083,1,1,,,-0.30551,0.27299,-1.71295,-0.30707,-1.81524,1.31593,-0.37356,-0.50464,1.62049,1.76872
40138,1,2,,,1.53818,-1.33838,0.47347,0.37922,0.86162,2.69332,0.73601,0.70216,1.23326,2.74824
30050,2,2,,,0.61634,0.11185,-0.07313,-0.02448,0.76087,1.31593,0.45861,-0.50464,-1.42697,-0.54233
20084,1,1,,,1.53818,-1.82179,1.56668,0.86366,-1.75433,3.15246,1.84557,0.09876,-2.16799,-0.75718
6922,1,2,,,-0.30551,0.43413,-0.07313,-0.38781,0.86162,-0.97973,-1.48312,-0.67704,-0.61570,-0.66200
11656,1,1,,,-0.30551,0.43413,1.56668,-0.06485,0.86162,0.85680,-1.76051,-1.19424,0.54760,-0.59224
10206,2,2,,,0.61634,0.11185,-0.07313,-0.26670,0.61315,1.31593,,-1.71144,1.99229,-0.80985
20143,2,1,,,0.61634,-0.21042,1.56668,0.09663,0.86162,0.39767,-0.37356,0.29990,0.20210,-1.14684
30312,2,5,,,-0.30551,-0.53269,-2.80616,-0.10522,-0.47126,-0.97973,1.01340,0.70216,-1.52290,-0.86113
40065,1,1,,,-0.30551,1.07868,0.47347,-0.14559,0.02484,1.31593,-1.76051,0.87456,-0.32974,-0.40740
7483,1,2,,,0.61634,-0.37156,-1.16634,-0.02448,0.45006,0.85680,-1.20573,-0.26328,-1.41682,-0.84883
278,2,2,,,-0.30551,0.11185,-0.07313,0.21774,0.86162,-0.97973,,0.55131,-0.69821,-0.01447
10205,2,2,,,-0.30551,-1.33838,1.02008,0.21774,-1.22266,-0.97973,0.18122,0.09876,0.58409,-1.14213
5197,2,2,,,0.61634,0.75640,-1.71295,-0.50892,-1.92767,-0.97973,0.45861,-0.74600,-0.23204,0.52010
6793,1,2,,,-1.22735,0.11185,-0.07313,-0.30707,-1.22266,-0.97973,0.45861,1.90896,0.16211,-0.19649
876,2,2,,,-1.22735,0.27299,-1.71295,-0.14559,,1.31593,,-0.98736,0.14821,0.13686
20150,2,1,,,0.61634,0.27299,1.02008,-0.42818,-0.02782,-0.06146,1.56818,0.70216,-0.55290,1.27492
30087,2,2,,,-0.30551,-0.04928,-0.07313,-0.30707,,0.85680,0.73601,-1.71144,0.92820,-0.12194
21535,2,1,,,-1.22735,1.72323,-1.16634,-0.71077,0.77083,-0.52059,,1.90896,-2.34118,-1.38631
4048,1,2,,,-0.30551,-0.37156,-1.16634,0.25811,0.86162,-0.97973,-2.03790,0.09876,0.74327,1.87412
40061,2,1,,,1.53818,1.07868,-0.61974,-0.06485,0.86162,-0.52059,1.01340,-0.80634,-0.12406,1.40666
40056,2,1,,,-0.30551,1.40095,-0.07313,-0.63003,0.86162,-0.97973,,-1.05318,0.31985,0.40003
40152,1,2,,,-1.22735,-0.04928,-0.07313,-0.18596,-1.91087,-0.97973,-2.03790,-0.50464,0.17007,-0.56736
5758,1,2,,,-0.30551,-0.37156,-0.07313,0.17737,-1.54457,2.23419,-0.65095,-1.71144,0.19582,1.10957
7381,1,1,,,-1.22735,-0.21042,-0.61974,-0.14559,0.69142,-0.97973,-1.20573,-0.26328,0.19582,1.10957
100722,1,1,,,0.61634,0.27299,-0.61974,0.01589,,3.15246,0.18122,-0.50464,0.19582,1.10957
746,2,2,,,0.61634,-0.37156,1.02008,0.09663,0.43754,0.85680,,0.55131,0.27767,-0.98802
30134,2,2,,,1.53818,0.75640,-0.07313,0.37922,-1.92767,-0.97973,1.01340,-0.67704,0.27767,-0.98802
438,2,2,,,-0.30551,0.59527,-0.61974,-0.46855,-0.53387,-0.06146,,0.09876,0.50260,0.06524
578,2,2,,,-0.30551,0.91754,-0.07313,-0.14559,-1.22266,0.39767,,1.90896,0.50260,0.06524
5866,1,2,,,-0.30551,0.59527,-0.07313,-0.42818,0.86162,-0.06146,1.01340,-1.71144,0.50260,0.06524
7045,2,2,,,1.53818,0.27299,-1.71295,-0.22633,0.86162,-0.97973,-2.59268,-1.22872,0.50260,0.06524
20147,2,1,,,0.61634,-0.04928,1.02008,0.13700,-0.67277,3.15246,1.29079,1.45641,0.50260,0.06524
30080,2,3,,,0.61634,-0.53269,1.02008,0.21774,0.41249,0.39767,0.73601,0.70216,0.50260,0.06524
30294,2,2,,,-1.22735,2.20664,-0.07313,-0.87225,0.86162,-0.97973,-1.20573,-0.50464,0.50260,0.06524
40069,1,2,,,0.61634,-0.53269,-0.61974,0.33885,0.86162,-0.97973,1.01340,-1.71144,0.50260,0.06524
30137,1,1,,,1.53818,-0.21042,-1.16634,0.62144,0.86162,-0.97973,-1.20573,-1.22872,0.45722,-1.19539
5230,1,2,,,-0.30551,0.43413,-0.07313,-0.26670,-0.38473,-0.52059,-0.37356,-0.74600,0.50386,0.49015
389,2,2,,,-1.22735,0.27299,-0.07313,-0.26670,0.86162,-0.97973,,-0.26328,-1.59050,-1.50630
4132,1,1,,,-1.22735,0.59527,-2.80616,-0.46855,0.86162,-0.06146,-0.37356,-0.50464,-1.59050,-1.50630
382,2,2,,,1.53818,-0.37156,-0.07313,0.13700,-0.26007,1.31593,,1.90896,0.07789,-0.19830
73752,1,1,,,0.61634,0.11185,1.56668,-0.18596,,0.85680,-0.09617,-1.10804,0.07789,-0.19830
30211,2,2,,,-1.22735,1.72323,-2.80616,-0.83188,,-0.97973,-1.48312,-0.67704,0.44463,1.09031
4360,1,2,,,0.61634,-0.21042,-1.16634,-0.22633,0.86162,-0.97973,0.18122,-1.22872,-0.80711,-1.00218
30114,2,2,,,-1.22735,-1.33838,1.02008,0.21774,0.86162,0.39767,,1.00386,-0.80711,-1.00218
6976,1,1,,,-0.30551,-0.04928,0.47347,-0.46855,0.86162,-0.52059,0.18122,-0.67704,-1.13873,-0.81305
5416,1,1,,,-1.22735,-0.37156,0.47347,-0.75114,0.86162,-0.97973,,-1.71144,-1.52874,-1.79623
10036,1,2,,,-0.30551,0.11185,-0.61974,0.21774,0.77083,-0.97973,,-0.35379,-1.52874,-1.79623
10531,2,1,,,1.53818,-0.37156,1.02008,0.09663,-1.22266,-0.52059,0.45861,1.18488,-0.29668,-1.37109
11578,1,2,,,-0.30551,0.75640,-1.16634,-0.63003,0.86162,-0.97973,-0.92834,-0.74600,-0.70128,-1.57075
6859,1,2,,,-1.22735,-0.69383,-1.16634,0.33885,0.86162,-0.97973,0.18122,-0.50464,-1.16472,-1.21114
40145,1,2,,,-1.22735,0.75640,-0.07313,-0.34744,-0.38473,0.39767,-1.48312,-0.50464,0.88043,2.32456
13624,1,1,,,0.61634,0.27299,-1.71295,0.05626,0.02484,-0.97973,,-0.80634,-1.07795,-0.50066
40135,1,2,,,0.61634,0.43413,-1.71295,-0.22633,-0.16472,-0.52059,,-1.71144,-0.45608,1.69769
383,2,2,,,-1.22735,0.91754,-0.07313,-0.42818,-0.55238,1.31593,,-0.26328,1.06617,0.52316
30246,1,2,,,-1.22735,2.69005,-0.07313,-0.46855,-1.22266,0.39767,0.18122,-1.71144,1.42683,-0.46369
40070,2,1,,,0.61634,0.11185,0.47347,0.09663,-1.92767,-0.97973,-0.09617,-1.10804,1.21669,1.32966
22993,2,1,,,-1.22735,0.75640,-0.07313,-0.26670,-1.92767,-0.97973,0.73601,-1.63903,1.01530,0.13929
10156,2,1,,,1.53818,-1.17724,2.11329,0.62144,0.78449,0.39767,1.56818,0.82284,0.50386,0.49015
15097,2,1,,,-0.30551,-0.21042,-0.61974,-0.02448,-1.22266,-0.97973,-0.37356,-0.98736,0.35592,0.87614
40003,1,2,-0.02458,,-1.22735,-0.53269,0.47347,-0.06485,-0.14337,0.39767,-0.65095,1.00386,1.25094,-0.16844
30070,2,2,-0.29584,,0.61634,-0.37156,1.02008,0.05626,0.86162,0.85680,-1.48312,1.90896,-1.86174,-0.90425
23290,2,1,,2.27528,-0.30551,-1.66066,-0.61974,0.21774,0.70821,-0.52059,-0.09617,-1.15445,-0.41720,-0.06514
101682,2,2,,1.82612,0.61634,-0.69383,1.02008,0.21774,,1.31593,,1.30556,-0.27248,-0.59335
10384,1,1,,0.08435,0.61634,0.27299,-1.16634,-0.22633,-1.22266,-0.97973,2.12296,0.70216,-1.12887,-1.12859
30252,2,2,,2.53281,-1.22735,0.27299,0.47347,-0.30707,0.58213,-0.97973,-0.65095,-0.35379,0.50260,0.06524
15013,1,2,,1.30833,1.53818,0.27299,1.56668,0.09663,0.53829,-0.97973,-0.65095,-0.26328,0.11191,1.24878
20197,2,1,,2.58521,-0.30551,0.75640,-1.71295,-0.22633,-1.22266,-0.97973,-2.03790,1.90896,-0.76084,-1.51962
20114,2,1,-0.40668,-0.33413,-0.30551,2.69005,-1.16634,-0.87225,,-0.97973,,0.09876,0.17962,0.34809
30065,2,2,-0.19964,-0.21739,-1.22735,-1.66066,-0.07313,0.37922,0.86162,0.39767,-0.37356,-0.26328,1.84741,1.42014
10360,2,1,-0.29168,-0.29126,0.61634,-0.04928,0.47347,0.09663,0.84085,0.39767,0.73601,0.92158,0.11391,0.41115
10093,1,2,-0.14985,-0.25113,-1.22735,0.59527,-2.25955,-0.34744,0.86162,0.85680,1.29079,-0.98736,1.72049,-0.14635
20077,2,1,-0.50512,-0.49284,-0.30551,-0.04928,0.47347,-0.18596,0.60831,0.85680,1.29079,1.30556,2.41457,0.42973
30321,2,2,-0.03269,-0.07691,-0.30551,-0.53269,-0.61974,-0.02448,-1.79190,-0.97973,0.45861,0.09876,0.21252,0.30670
11812,2,2,1.09895,0.55058,0.61634,-0.69383,-0.61974,0.45996,-1.22266,-0.52059,-0.09617,-0.98736,1.21321,-0.26525
10030,2,2,-0.31212,-0.31931,-0.30551,0.59527,-1.16634,-0.26670,-0.32582,-0.97973,-1.48312,-1.71144,0.31932,0.05241
20148,2,1,-0.69748,-0.66242,0.61634,-1.33838,1.02008,0.41959,0.86162,-0.97973,-0.09617,0.46080,1.35806,0.27778
30189,2,2,-0.33409,-0.23584,-1.22735,1.07868,-0.07313,-0.26670,0.86162,-0.97973,1.29079,-0.50464,1.43797,1.48833
40128,1,2,0.00106,0.06764,-0.30551,0.43413,-0.07313,0.01589,0.74066,0.85680,-0.09617,0.87456,0.30336,-0.23632
11713,2,1,-0.42976,-0.29852,-0.30551,0.75640,1.56668,-0.10522,0.86162,-0.97973,0.73601,1.00386,-0.03164,-0.13331
13435,1,2,-0.32567,-0.05307,-0.30551,-0.21042,1.56668,-0.02448,0.86162,-0.06146,-1.48312,-1.19424,-0.03164,-0.13331
22192,2,1,-0.15428,-0.00800,-1.22735,1.07868,-0.07313,-0.30707,0.61941,0.85680,1.56818,1.60726,1.21736,-0.15352
20125,2,1,-0.10906,0.02725,1.53818,0.75640,1.56668,0.45996,-0.02782,0.85680,-0.37356,0.09876,-0.04241,-0.75985
10127,1,5,-2.07474,-1.66662,-1.22735,-0.04928,-2.25955,0.01589,0.32711,-0.52059,-0.09617,0.09876,3.11040,0.67163
10050,1,2,0.08910,0.00731,-1.22735,1.72323,-2.80616,-0.50892,0.65613,-0.06146,-0.65095,-0.80634,2.02458,0.51286
20108,2,1,-0.48899,-0.45695,1.53818,-1.66066,1.02008,0.74255,-0.01501,-0.97973,-0.92834,0.09876,2.02458,0.51286
11809,2,1,-0.15745,-0.15538,-0.30551,0.91754,0.47347,-0.18596,-1.92767,-0.06146,-0.65095,1.90896,1.52388,0.34841
7360,1,2,-0.11120,0.01073,0.61634,-0.53269,-1.16634,0.25811,0.86162,-0.97973,0.73601,-0.50464,-0.39552,0.73453
10164,2,2,0.02265,0.13025,1.53818,-0.21042,0.47347,0.17737,-0.28341,0.85680,-0.65095,-0.50464,2.15038,1.78547
8413,1,1,-0.60772,-0.49614,0.61634,-0.53269,2.11329,0.25811,0.84910,0.85680,,0.46080,-0.41790,-0.00818
20008,2,1,-0.00976,0.03305,0.61634,0.27299,0.47347,-0.18596,0.25225,-0.97973,0.73601,1.90896,0.94169,-0.45506
40037,1,2,-0.25455,-0.20895,1.53818,-1.49952,0.47347,0.41959,0.75119,1.31593,0.18122,-0.04048,-0.91732,0.17325
19762,2,1,-0.55419,-0.43302,0.61634,0.11185,0.47347,-0.06485,0.86162,1.77506,1.56818,0.46080,-0.27037,1.30477
40150,1,1,-0.19048,0.13646,1.53818,-0.69383,0.47347,0.78292,-1.91087,-0.06146,-1.48312,0.55131,-1.83564,-0.56345
10213,2,1,3.02118,2.59278,0.61634,-0.69383,0.47347,0.33885,0.86162,1.31593,1.56818,1.90896,-0.72670,-0.65924
14674,1,1,0.21853,0.07227,-0.30551,-0.04928,0.47347,-0.06485,-0.23246,-0.52059,0.45861,-0.35379,-0.20443,-0.07871
10140,1,2,-0.46440,-0.38898,-1.22735,-0.04928,-0.07313,-0.42818,-1.22266,-0.97973,-1.20573,-1.10804,-1.85938,-0.37995
4084,1,2,0.86620,0.55121,0.61634,-0.21042,-0.61974,0.01589,0.86162,-0.97973,-1.48312,0.46080,-1.65514,-0.94777
200762,2,1,-0.31833,-0.31697,0.61634,0.27299,0.47347,0.05626,,1.31593,1.84557,1.90896,-1.65514,-0.94777
23164,2,1,-0.38917,-0.39384,-0.30551,-0.69383,1.02008,0.05626,0.86162,1.31593,-0.65095,1.90896,0.25825,0.07054
11563,1,1,-0.09130,-0.13328,-1.22735,1.56209,-0.07313,-0.71077,0.54456,0.85680,1.56818,1.30556,-1.07521,0.12480
8844,2,1,-0.14650,-0.22774,0.61634,0.27299,0.47347,-0.02448,0.34646,0.85680,-0.37356,0.70216,2.27890,0.87101
50153,2,2,-0.06038,0.01467,-1.22735,1.72323,-0.07313,-0.63003,0.86162,-0.52059,-0.92834,-0.98736,2.27890,0.87101
10669,2,1,1.81806,3.15737,1.53818,-0.37156,-0.07313,0.33885,0.85792,-0.97973,-2.87007,-0.72406,-0.68538,-0.96436
6790,1,1,-0.53381,-0.47615,0.61634,1.40095,-1.71295,-0.58966,-1.22266,-0.97973,0.18122,-0.02192,0.32796,0.60874
10606,1,2,0.82681,-0.03591,-1.22735,1.72323,-0.07313,-1.07410,-1.22266,-0.97973,-0.37356,0.21944,0.32796,0.60874
8995,2,1,0.61736,0.38181,-0.30551,1.56209,-1.16634,-0.06485,0.08973,-0.97973,0.45861,0.55131,-1.77964,-0.24303
14998,2,1,2.05433,1.89790,1.53818,0.59527,-1.16634,-0.18596,0.86162,-0.97973,-0.65095,-0.26328,0.45091,0.32825
40113,1,2,0.25713,0.16398,-1.22735,-1.33838,-0.07313,0.01589,0.35130,-0.52059,-0.37356,-0.72406,0.45091,0.32825
302112,2,2,2.58518,1.83426,-0.30551,0.43413,-0.61974,-0.26670,,-0.97973,,1.90896,0.45091,0.32825
10062,1,2,-0.16851,-0.24718,-0.30551,-0.53269,-0.07313,0.05626,-0.16472,0.39767,-1.48312,0.87456,-1.27105,-0.01698
13495,1,1,-0.32828,-0.30830,-0.30551,0.75640,0.47347,-0.30707,0.17113,-0.97973,-0.37356,1.00386,-0.93268,-0.80828
11668,1,2,0.01274,0.05831,-1.22735,-0.53269,-0.07313,0.09663,-1.22266,-0.52059,0.73601,-0.98736,-1.15182,0.99678
40159,1,2,-0.03581,-0.02596,0.61634,-2.14407,-2.25955,0.66181,-1.22266,-0.97973,-0.92834,-1.19424,0.90995,-0.47062
12034,2,1,-0.62031,-0.42046,1.53818,-1.17724,-0.07313,0.17737,-1.22266,-0.97973,0.45861,-0.26328,0.92132,1.05008
30159,2,2,-0.02109,0.13145,1.53818,-0.21042,0.47347,0.45996,0.45006,1.31593,1.56818,-0.50464,0.92132,1.05008
40118,1,2,-0.22201,-0.23191,0.61634,0.11185,-0.07313,-0.02448,0.86162,0.39767,0.45861,1.18488,1.87018,-0.41183
10366,1,2,0.02846,-0.03630,-0.30551,0.75640,0.47347,0.50033,-0.76243,-0.06146,-1.20573,-0.74600,-0.55967,0.79013
12397,1,1,-0.55608,-0.44275,1.53818,-1.49952,0.47347,0.78292,0.86162,0.39767,0.73601,1.18488,-0.55967,0.79013
40154,1,2,0.59872,0.97114,0.61634,-0.21042,0.47347,-0.06485,-1.22266,-0.97973,0.73601,0.70216,-0.55967,0.79013
10181,2,2,-0.45717,-0.36500,0.61634,-0.37156,2.11329,0.13700,0.86162,1.77506,2.12296,-0.50464,-0.01033,-0.92953
5302,1,2,-0.54920,-0.50345,-1.22735,1.23982,-0.07313,-0.58966,0.86162,-0.52059,-0.65095,-0.50464,0.35682,-0.76681
6835,1,2,-0.40700,-0.35277,0.61634,0.43413,-1.16634,0.01589,0.84085,-0.06146,-0.92834,-0.74600,0.12582,-0.30320
30005,2,2,-0.05090,-0.07541,-1.22735,2.36778,0.47347,-0.75114,0.13982,-0.97973,-2.03790,0.09876,0.12582,-0.30320
40153,1,1,-0.16471,-0.06540,-0.30551,-0.37156,0.47347,-0.06485,0.86162,0.39767,1.29079,1.00386,0.12582,-0.30320
40161,1,2,-0.22065,-0.18662,0.61634,0.43413,-0.61974,0.01589,0.86162,0.85680,1.56818,-0.50464,-1.47419,-1.18113
30172,2,2,-0.55322,-0.50868,-1.22735,0.91754,-2.25955,-0.71077,0.86162,1.77506,-0.92834,0.46080,-0.66401,1.09220
40009,1,2,0.10986,0.08854,0.61634,-1.17724,-0.61974,0.58107,-1.72217,1.77506,0.45861,0.46080,0.59513,-0.07490
12028,1,1,-0.39761,-0.46254,0.61634,0.27299,-1.71295,-0.02448,0.85792,-0.97973,1.01340,-0.20294,-1.22640,-0.60660
40181,1,1,-0.38101,-0.40146,-1.22735,1.72323,-0.07313,-0.87225,0.86162,-0.06146,0.73601,0.09876,-1.22640,-0.60660
20105,2,1,-0.10463,-0.13265,-1.22735,2.69005,-2.80616,-1.19520,0.86162,0.39767,0.73601,-0.15984,0.41241,-0.42770
6724,1,2,-0.44816,-0.36682,-0.30551,0.11185,-0.61974,-0.18596,0.82576,-0.97973,-0.09617,-0.26328,0.10786,0.03727
40115,1,2,-0.28562,-0.27709,-0.30551,0.27299,1.02008,-0.14559,-1.80329,0.39767,0.18122,-0.80634,-0.33393,0.13970
10187,1,2,0.50228,0.24961,0.61634,0.11185,-0.07313,0.45996,0.86162,-0.97973,-1.76051,-1.10804,-0.52989,-0.18925
10420,1,2,0.88099,0.63399,-1.22735,-0.04928,-1.16634,0.01589,-1.22266,-0.06146,-0.09617,-1.47008,-0.52989,-0.18925
20076,1,1,0.06144,0.09976,-1.22735,0.75640,-2.25955,-0.63003,,-0.97973,,1.90896,0.45681,-0.19455
7157,1,1,0.01836,0.03790,-0.30551,-0.04928,0.47347,-0.18596,0.86162,-0.97973,0.18122,1.00386,-0.51663,0.66204
14785,2,1,-0.34600,-0.36706,0.61634,-0.37156,0.47347,0.09663,-1.90604,1.31593,1.29079,0.35736,-1.18155,0.65520
6676,1,2,-0.54888,-0.41462,0.61634,0.75640,-1.16634,-0.14559,0.86162,2.23419,0.73601,1.00386,-0.57570,-0.65397
4003,1,1,0.41040,0.62397,-1.22735,1.40095,1.56668,-0.63003,0.86162,0.39767,0.45861,-1.22872,-2.43909,0.24435
12358,2,1,0.11243,-0.02361,-1.22735,1.07868,-0.07313,-0.38781,-1.92767,0.39767,-0.09617,-1.22872,-0.30991,0.54518
5428,1,2,0.09197,0.03698,-0.30551,0.43413,-0.07313,-0.38781,0.86162,-0.97973,1.29079,0.09876,-0.50027,1.12327
8944,1,1,-0.33690,-0.26779,-0.30551,0.59527,0.47347,-0.26670,0.33906,-0.06146,0.45861,0.35736,-0.50027,1.12327
19921,2,1,-0.06168,-0.15207,-0.30551,1.23982,-0.07313,-0.26670,0.86162,-0.97973,0.18122,-1.22872,-0.50027,1.12327
21712,2,1,0.05214,-0.01273,-0.30551,-0.69383,-1.71295,0.54070,-1.22266,-0.52059,0.18122,-1.60283,-0.50027,1.12327
5476,1,2,0.30709,0.01955,0.61634,0.27299,0.47347,-0.54929,-1.83858,-0.06146,1.29079,-0.50464,-0.38634,-0.83707
8545,1,1,-0.44035,-0.32829,1.53818,-1.17724,0.47347,0.41959,0.86162,0.39767,0.45861,0.87456,0.97936,0.44432
10037,1,2,0.44947,0.48644,0.61634,0.75640,-0.61974,-0.34744,0.86162,-0.52059,-0.09617,-0.50464,0.97936,0.44432
11833,2,1,-0.08560,-0.04355,-0.30551,-0.69383,0.47347,0.01589,-1.89067,-0.97973,-0.92834,0.70216,0.97936,0.44432
40039,1,2,0.54566,0.24256,0.61634,-1.01611,1.56668,0.29848,-1.59437,-0.06146,-0.37356,0.09876,0.97936,0.44432
40058,2,1,-0.30279,-0.00625,-1.22735,0.11185,1.56668,0.01589,0.86162,-0.52059,0.18122,0.59245,0.97936,0.44432
8950,1,1,0.68412,0.18480,-1.22735,0.27299,0.47347,-0.18596,0.56334,0.39767,-0.37356,0.09876,-0.59974,1.09320
10118,1,2,-0.49314,-0.45467,0.61634,-0.53269,1.56668,0.21774,0.86162,1.31593,,-0.26328,0.58175,0.59941
12391,1,1,-0.53025,-0.42925,-1.22735,0.43413,-0.07313,-0.26670,0.86162,0.39767,,-0.50464,-0.32780,1.34214
40014,1,1,0.02872,0.01859,-0.30551,0.59527,1.02008,-0.02448,-1.22266,-0.97973,0.18122,1.90896,-0.32780,1.34214
10231,2,1,0.17234,0.00309,-1.22735,-0.69383,-0.07313,0.25811,0.10937,-0.52059,-0.37356,-0.80634,-1.26681,0.18066
9019,1,1,0.23421,0.04382,-1.22735,-0.69383,-0.07313,-0.06485,0.86162,-0.97973,-1.20573,-0.26328,-1.85575,-0.37707
40155,1,1,-0.60354,-0.43690,1.53818,0.27299,-0.61974,-0.22633,-1.22266,-0.97973,0.18122,-0.26328,-1.85575,-0.37707
8767,2,1,0.19228,-0.09089,0.61634,-0.69383,0.47347,0.17737,0.02484,0.39767,0.73601,-0.50464,-0.07736,-1.10952
100912,1,2,-0.08363,-0.06043,-0.30551,-0.53269,1.02008,0.21774,0.71960,2.23419,-0.65095,0.46080,-0.07736,-1.10952
10004,1,2,-0.24345,-0.11939,0.61634,-0.85497,0.47347,0.37922,0.50670,-0.52059,1.29079,0.09876,0.69484,1.43279
10215,2,1,-0.46130,-0.45473,1.53818,-1.33838,1.56668,0.58107,-1.48622,0.85680,1.01340,0.35736,0.69484,1.43279
11944,2,1,-0.11173,-0.21165,1.53818,-1.49952,1.02008,0.62144,0.30405,0.85680,-0.37356,1.00386,0.69484,1.43279
23311,2,1,-0.63499,-0.52354,-0.30551,0.11185,-1.16634,-0.14559,-1.92767,0.39767,0.45861,-0.62532,0.56460,2.45838
3547,1,1,-0.53322,-0.43536,-0.30551,0.91754,-0.07313,-0.54929,0.86162,1.31593,1.01340,1.18488,-1.02395,-0.18142
11664,1,2,-0.27598,-0.27953,-0.30551,0.27299,-0.07313,-0.10522,0.86162,-0.06146,0.45861,0.46080,-0.85040,-0.37666
13606,1,2,-0.00591,-0.07251,-0.30551,-1.17724,-1.16634,0.05626,0.86162,0.39767,-1.76051,0.09876,-0.85040,-0.37666
15103,2,1,-0.18453,-0.05324,0.61634,-0.04928,1.02008,-0.18596,-1.92767,-0.97973,1.56818,0.35736,-0.85040,-0.37666
4291,1,2,-0.31270,-0.29931,0.61634,-0.69383,-0.07313,0.29848,0.86162,-0.97973,-0.65095,0.09876,-0.09307,0.27437
13930,1,2,-0.34459,-0.33473,-1.22735,-0.85497,-0.07313,0.25811,0.86162,1.31593,0.45861,-0.10237,-0.09307,0.27437
4033,1,2,-0.55242,-0.40716,0.61634,0.27299,-1.16634,0.33885,-1.92767,-0.97973,1.01340,-1.10804,-0.21372,0.10073
40051,2,2,-0.46932,-0.36950,-1.22735,2.04550,0.47347,-0.63003,-0.16472,0.85680,-1.48312,1.00386,-0.49520,0.89149
40042,1,2,-0.04734,-0.09911,-0.30551,1.23982,1.02008,-0.54929,0.86162,1.31593,0.18122,0.09876,-0.88027,-1.51271
6814,1,2,-0.58312,-0.47874,-1.22735,0.75640,-0.07313,-0.10522,0.86162,-0.97973,0.18122,-1.71144,1.53494,0.09962
10108,1,2,-0.05526,-0.16569,0.61634,-0.85497,0.47347,0.13700,0.86162,0.39767,1.01340,0.09876,-0.63998,-0.16902
10153,2,2,-0.28593,-0.22005,0.61634,0.27299,-0.07313,-0.22633,0.86162,-0.97973,-0.09617,-1.22872,-0.50039,-0.96520
10109,1,2,-0.50259,-0.43516,-1.22735,-0.21042,-0.07313,0.50033,-1.22266,-0.97973,-1.48312,-0.50464,1.27409,-0.22855
6970,1,1,-0.33212,-0.35566,-1.22735,1.07868,-1.16634,-0.50892,0.85081,-0.97973,0.18122,-0.50464,0.18084,-0.34643
20039,2,1,0.21162,0.10980,-0.30551,-0.53269,0.47347,0.37922,-0.33094,-0.06146,0.45861,1.30556,0.18084,-0.34643
5701,1,1,-0.48810,-0.41627,1.53818,0.43413,-0.07313,-0.14559,0.82121,0.85680,0.73601,-1.25889,0.66873,1.25500
10027,2,2,0.08601,0.14238,-1.22735,1.56209,-0.07313,-0.54929,0.86162,-0.52059,0.18122,0.09876,0.66873,1.25500
30296,2,2,-2.07474,-1.66662,0.61634,-0.21042,0.47347,0.17737,-1.22266,0.39767,0.45861,0.09876,0.66873,1.25500
5893,1,2,0.24851,0.13595,-1.22735,1.72323,0.47347,-0.87225,0.86162,1.31593,-1.48312,-0.15984,1.25357,-0.11543
40185,1,1,-0.32457,-0.26701,1.53818,-0.21042,0.47347,0.25811,0.78449,-0.97973,1.29079,0.09876,1.25357,-0.11543
10453,1,2,-0.49540,-0.41821,-1.22735,0.43413,0.47347,-0.06485,-1.92767,0.39767,0.73601,-0.98736,1.34095,1.55172
30128,2,2,-0.28981,0.14167,-1.22735,0.27299,-0.07313,-0.18596,0.86162,0.39767,0.45861,1.90896,0.30184,-0.16614
40088,1,1,-0.19492,-0.13335,1.53818,-0.37156,0.47347,0.01589,0.51837,-0.97973,-0.37356,0.09876,0.30184,-0.16614
68412,1,1,-0.42284,-0.40550,-1.22735,2.52892,1.02008,-0.99336,,1.77506,,-0.50464,-0.20823,-0.60418
10053,1,5,-2.07474,-1.66662,1.53818,-0.21042,-1.16634,0.01589,0.86162,0.39767,,0.82284,-0.20823,-0.60418
30073,2,2,0.16322,0.19902,1.53818,-1.66066,1.56668,0.66181,0.43128,0.85680,-0.37356,1.18488,0.60860,-0.10406
3613,1,2,-0.37123,-0.35577,-1.22735,0.27299,-0.07313,-0.26670,0.20273,1.31593,-1.48312,-0.35379,0.34181,-0.81202
100802,1,2,-0.49817,-0.40682,1.53818,-1.33838,1.02008,0.70218,0.78193,1.77506,0.45861,0.09876,0.17340,-0.05647
11674,2,1,-0.20133,-0.10428,0.61634,-0.53269,-0.07313,0.01589,0.10937,-0.97973,-0.92834,1.90896,-0.50484,0.44880
10143,1,2,-0.30613,-0.29190,1.53818,-0.69383,0.47347,0.66181,0.77083,-0.97973,0.45861,-0.74600,-0.95737,-0.21771
10390,1,2,0.47197,0.23692,-0.30551,0.59527,-0.07313,-0.18596,0.86162,-0.52059,-0.09617,-0.26328,-0.95737,-0.21771
74809,1,1,-0.43776,-0.43775,1.53818,-0.69383,-0.07313,0.25811,0.50670,-0.97973,0.73601,0.09876,-1.11517,-1.43926
13684,1,2,1.69774,0.66194,0.61634,0.27299,0.47347,0.05626,0.82121,-0.97973,0.18122,-1.45284,-1.34946,-1.63504
6832,1,2,-2.07474,-1.66662,0.61634,-1.98293,-0.07313,0.58107,0.86162,-0.97973,1.56818,-0.26328,-1.60819,0.68637
13390,1,1,-0.22418,-0.13413,-0.30551,0.91754,1.02008,-0.14559,0.84085,-0.97973,0.18122,0.46080,-1.60819,0.68637
30305,2,2,-0.37267,-0.32318,-1.22735,1.40095,0.47347,-0.46855,0.86162,-0.52059,-0.65095,-0.41844,0.63232,1.37925
5164,1,2,-0.45210,-0.39817,0.61634,-0.37156,-0.07313,0.05626,0.86162,-0.97973,-0.92834,-0.67704,0.18477,-0.52455
30280,2,2,-0.27484,-0.10389,1.53818,-1.49952,1.56668,0.78292,0.60091,-0.52059,-0.37356,0.70216,0.18477,-0.52455
11686,1,2,-0.08592,0.10326,-0.30551,-0.21042,-1.71295,-0.22633,0.84625,-0.06146,0.45861,-0.74600,-0.00352,0.62651
24442,2,1,0.78024,0.71610,0.61634,-0.37156,0.47347,-0.06485,-1.22266,-0.97973,0.18122,-1.47008,-0.00352,0.62651
40175,1,1,-0.00027,-0.17450,,-2.14407,-0.07313,0.70218,,-0.97973,-1.48312,1.00386,-2.02680,-1.19409
10047,1,1,0.05194,-0.02779,-0.30551,-0.21042,-0.07313,-0.02448,0.80470,-0.97973,,-0.50464,-1.21988,-1.03208
7168,1,1,-0.19293,-0.08090,-0.30551,-2.14407,-2.80616,0.78292,0.86162,-0.97973,-0.37356,-0.39493,0.26719,0.65298
10117,1,2,-0.66809,-0.31417,0.61634,-1.17724,0.47347,0.45996,0.74066,-0.06146,1.84557,0.70216,0.26266,0.09705
11893,1,1,-0.30278,-0.14222,0.61634,-0.53269,0.47347,0.29848,0.45006,-0.97973,0.73601,-0.80634,0.26266,0.09705
21385,2,1,-0.27478,-0.25737,-1.22735,-0.21042,0.47347,-0.30707,0.83288,-0.97973,-0.37356,1.18488,0.26266,0.09705
30136,2,2,-0.51519,-0.37298,0.61634,0.11185,-0.07313,0.17737,0.86162,0.85680,-0.92834,0.09876,0.26266,0.09705
30221,2,2,0.02782,-0.11883,0.61634,-1.01611,1.56668,0.37922,-0.14337,0.85680,1.01340,1.00386,0.26266,0.09705
5833,2,2,0.37264,0.24493,-0.30551,-0.21042,-0.07313,0.17737,0.71960,-0.52059,-0.65095,1.00386,0.26969,-0.74465
30089,2,2,-0.28577,-0.19653,-1.22735,1.56209,-0.07313,-0.58966,,0.85680,1.56818,0.09876,-1.00005,-0.51274
20104,2,1,-0.13867,-0.24576,-0.30551,-0.21042,-0.61974,0.17737,-1.22266,0.39767,-0.65095,0.09876,-0.28201,-1.21627
3616,1,1,-0.44072,-0.32769,-1.22735,-0.21042,0.47347,0.86366,0.86162,0.85680,0.18122,1.00386,-1.61092,-0.40182
5563,1,1,-0.19890,-0.11643,0.61634,-1.66066,-0.07313,0.41959,0.86162,0.85680,1.56818,1.50670,0.27410,-0.23969
20094,1,1,-0.37723,-0.32290,-0.30551,-0.53269,0.47347,0.21774,0.81011,0.85680,0.73601,-0.50464,0.27410,-0.23969
10059,1,2,-0.42237,-0.39878,-1.22735,-1.66066,-0.07313,0.37922,-1.22266,1.31593,-0.92834,0.70216,0.04718,-0.71073
20115,2,1,-0.54817,-0.38857,0.61634,-0.53269,1.02008,0.45996,0.86162,-0.52059,1.29079,0.87456,0.04718,-0.71073
10201,2,2,0.02709,-0.10401,0.61634,0.43413,-0.07313,0.21774,0.86162,0.39767,-0.37356,0.70216,2.73713,1.42216
100512,1,1,0.73539,0.56745,0.61634,0.11185,-0.07313,0.21774,0.86162,1.31593,,0.09876,1.18896,-1.44316
13714,1,2,0.62255,0.28637,-1.22735,-0.85497,0.47347,0.37922,0.50044,-0.97973,-1.20573,-0.80634,2.65721,2.91588
30155,2,2,-0.07150,-0.15728,0.61634,-1.33838,1.02008,0.86366,0.77083,2.23419,1.01340,1.00386,0.99707,1.35370
8872,1,1,-0.14058,-0.13505,1.53818,-0.53269,1.56668,0.05626,-1.22266,0.85680,1.29079,0.55131,-0.01299,0.17863
101982,2,2,-0.56506,-0.44451,0.61634,-0.21042,-1.16634,0.37922,0.84085,-0.52059,0.18122,1.00386,-0.02787,0.18228
300892,2,2,-0.33890,-0.24566,1.53818,-0.69383,-0.07313,0.50033,,1.77506,,1.90896,-0.02787,0.18228
40156,1,1,-0.00875,-0.00403,0.61634,-0.53269,0.47347,0.25811,0.86162,1.77506,0.18122,0.55131,-0.02787,0.18228
22135,1,1,-0.46436,-0.38760,0.61634,-1.17724,0.47347,0.45996,0.86162,0.39767,1.29079,-1.60283,0.66872,1.60604
30107,2,2,0.12062,-0.03804,0.61634,-1.01611,-0.61974,0.29848,-1.22266,-0.06146,1.29079,-0.50464,0.66872,1.60604
10555,2,1,0.36171,0.20781,-0.30551,0.27299,-1.16634,-0.22633,0.74066,-0.52059,-0.92834,-0.26328,1.62049,1.76872
20578,2,1,-0.53151,-0.48377,-1.22735,0.43413,0.47347,-0.06485,0.86162,-0.06146,-1.20573,-0.15984,1.62049,1.76872
10139,1,2,0.56417,0.10205,0.61634,-0.53269,0.47347,0.21774,0.86162,-0.52059,-0.65095,-0.26328,0.66119,-0.53624
10690,1,1,-0.16818,-0.27855,-0.30551,-0.21042,-0.07313,-0.02448,0.60091,-0.97973,0.45861,-1.19424,0.66119,-0.53624
40186,1,1,0.24020,-0.03496,,2.04550,,-1.15483,0.68260,-0.06146,-1.20573,1.00386,0.73269,3.21283
13201,2,1,0.14606,0.12004,-0.30551,-0.69383,1.02008,0.01589,0.86162,-0.52059,-0.65095,-1.71144,0.13661,2.61543
20066,2,1,-0.50614,-0.44368,1.53818,-0.53269,1.02008,0.13700,-1.84456,0.85680,1.56818,0.70216,-1.60048,1.37117
100282,2,2,-0.39766,-0.24443,1.53818,-1.17724,1.02008,0.29848,0.61941,0.85680,0.73601,-0.98736,-0.44350,0.77442
40202,1,2,-0.38732,-0.33412,1.53818,-0.85497,1.02008,0.25811,0.85792,0.39767,-0.09617,-1.71144,-0.44350,0.77442
10102,1,1,-0.41841,-0.35072,-1.22735,0.59527,-1.16634,-0.79151,-1.22266,-0.06146,1.29079,-0.80634,-0.48005,-0.25702
300634,2,2,-0.49948,-0.46293,1.53818,-1.01611,1.02008,0.45996,-1.92767,1.31593,-0.09617,1.90896,-0.94949,-0.34706
30180,2,2,0.91585,1.31474,-0.30551,0.75640,-0.07313,-0.22633,-1.75946,0.85680,-0.09617,1.00386,-1.04255,-0.56366
3796,1,2,0.76544,0.50807,-1.22735,-0.69383,0.47347,0.41959,0.86162,-0.06146,0.18122,-0.74600,-0.39859,-0.31260
10039,1,2,-0.04203,-0.05620,-0.30551,0.11185,-0.07313,0.09663,,-0.06146,,1.00386,-0.39859,-0.31260
40024,1,2,0.12491,0.04612,-1.22735,0.59527,1.02008,-0.46855,0.68260,0.39767,1.56818,0.70216,-0.01725,0.73948
13711,2,1,0.08820,0.11495,-1.22735,2.20664,1.56668,-0.67040,0.86162,2.69332,-0.92834,-0.50464,-1.34903,-0.03946
8614,1,1,-0.32550,-0.29411,1.53818,-1.98293,1.02008,0.86366,,0.85680,-0.65095,0.87456,-0.05165,-0.16958
10045,1,1,-0.40684,-0.32579,1.53818,-1.17724,1.56668,0.50033,-0.28597,-0.97973,,-0.80634,-0.79248,0.43942
10687,2,1,-0.06251,-0.03045,-0.30551,0.59527,-0.07313,-0.26670,-1.22266,-0.97973,-0.92834,-1.22872,-1.29501,-0.22225
110411,2,1,0.61619,0.42420,1.53818,-0.53269,-0.07313,0.13700,0.86162,-0.52059,-0.37356,0.82284,-1.29501,-0.22225
12262,1,2,0.71411,0.73161,-1.22735,-0.69383,-0.07313,0.21774,0.86162,0.39767,-0.09617,-1.30917,-1.60413,-1.03445
10582,1,2,-0.32226,-0.32727,-1.22735,0.11185,-0.07313,-0.26670,0.86162,-0.97973,0.45861,0.09876,-0.68559,-0.64185
30262,2,1,-0.26461,0.29638,-1.22735,-1.17724,1.02008,0.21774,0.07237,0.85680,0.18122,-0.80634,-2.16799,-0.75718
13156,2,1,0.04893,-0.04685,-1.22735,0.11185,-0.07313,0.21774,-0.12886,-0.97973,-0.65095,0.09876,-1.30439,-0.69214
20070,2,1,-0.51341,-0.38414,1.53818,-0.37156,-0.07313,0.09663,-1.57274,0.39767,-0.09617,0.09876,-1.30439,-0.69214
40057,1,2,0.31788,0.55190,0.61634,0.75640,0.47347,-0.10522,0.86162,1.77506,1.84557,-0.50464,-1.11230,-0.10332
40096,1,2,-0.47090,-0.38039,0.61634,1.23982,1.02008,-0.54929,0.86162,-0.52059,-0.09617,0.09876,-1.11230,-0.10332
40015,1,2,-0.10939,-0.13392,1.53818,-1.33838,0.47347,0.45996,0.63791,0.85680,-0.09617,0.70216,0.05803,-0.32848
8143,1,1,-0.52347,-0.46151,0.61634,-0.69383,1.56668,0.13700,-0.24185,1.31593,-0.65095,0.09876,-0.26759,-1.32337
30088,2,2,0.43084,0.38872,0.61634,-0.85497,0.47347,0.21774,0.86162,-0.06146,1.84557,-0.26328,-0.26759,-1.32337
3571,1,1,-0.47950,-0.48640,1.53818,-0.85497,0.47347,0.41959,0.86162,0.39767,0.73601,1.30556,-0.73235,-0.29621
10146,1,2,-0.25006,-0.30662,-1.22735,0.75640,0.47347,-0.50892,0.86162,0.85680,-0.92834,1.90896,-0.73235,-0.29621
9064,1,1,-0.06903,-0.17979,-1.22735,2.69005,-0.07313,-1.11447,0.77083,0.39767,0.18122,1.00386,-0.61527,-0.47913
10010,1,1,-0.18824,-0.16088,0.61634,-1.66066,2.11329,0.62144,-1.88697,1.31593,0.73601,1.25071,-0.49562,-0.20447
30034,2,2,0.10467,0.00262,-0.30551,-0.37156,-1.16634,0.29848,-1.92767,-0.97973,-1.20573,-1.71144,-1.50815,-0.65701
10807,1,2,-0.33823,-0.28596,-1.22735,-0.53269,-0.07313,-0.06485,0.86162,1.77506,1.29079,-0.26328,-1.22123,-0.73833
30165,2,2,-0.23466,-0.19295,-1.22735,0.91754,-0.07313,-0.46855,-1.22266,0.39767,,-1.71144,-1.65567,-0.90425
8599,1,1,-0.48707,-0.39096,-1.22735,0.91754,-0.07313,-0.38781,0.63791,-0.52059,1.29079,0.46080,-0.74484,0.20936
21460,2,1,-0.46595,-0.33897,1.53818,-2.14407,2.11329,0.86366,-0.11036,-0.52059,1.84557,-0.50464,-0.74484,0.20936
10216,2,1,0.34792,0.11914,1.53818,-1.66066,-1.16634,0.62144,-1.70139,-0.97973,-0.09617,0.09876,-1.36942,-1.05899
10168,2,1,-0.44701,-0.30943,0.61634,-1.49952,0.47347,0.50033,-0.70835,0.39767,0.45861,0.46080,-0.61570,-0.66200
6868,1,1,0.69264,0.17234,0.61634,-1.49952,1.56668,0.25811,0.67377,-0.97973,-0.92834,0.26333,-0.24773,-0.28291
24449,2,1,-0.30352,-0.21355,-1.22735,0.75640,-0.07313,-0.46855,-0.00192,-0.97973,1.01340,-1.10804,-0.67667,-1.20915
9220,2,1,-0.92592,-0.64226,0.61634,0.27299,-1.71295,-0.22633,0.86162,-0.97973,-2.31529,-0.50464,0.14798,-1.23883
10351,1,2,-0.15559,0.14257,-1.22735,0.27299,-0.07313,0.37922,-1.22266,1.31593,1.01340,-1.30917,-0.23101,-0.56132
10762,2,1,0.90523,-0.14841,0.61634,0.27299,-0.07313,-0.42818,-1.59722,-0.97973,-0.92834,-0.90690,-0.67553,-0.19072
3964,1,1,-0.30207,-0.20252,-1.22735,0.27299,-0.07313,0.13700,-1.22266,-0.97973,-0.65095,-1.22872,-0.87406,0.15462
8953,2,1,-0.71503,-0.55699,0.61634,0.43413,-0.07313,-0.10522,0.86162,-0.97973,0.73601,1.90896,-0.98868,0.07613
10135,1,2,0.05975,0.18288,-0.30551,0.43413,-0.07313,-0.34744,0.86162,-0.52059,-0.92834,-0.80634,-1.23762,-0.47809
10209,2,2,0.12372,-0.02407,0.61634,0.43413,-0.07313,-0.18596,-1.22266,0.85680,0.73601,-0.10237,-0.52071,-0.18951
40030,1,2,-0.10598,0.17976,-1.22735,0.91754,0.47347,-0.30707,0.79787,0.39767,-0.09617,-0.31898,-1.43795,-1.23980
40016,1,1,-0.41159,-0.39155,-0.30551,-0.69383,0.47347,0.21774,-1.22266,2.69332,0.73601,0.09876,-1.55989,-0.75073
40097,1,2,-0.50768,-0.43496,0.61634,-2.14407,1.02008,0.86366,0.60091,-0.52059,0.18122,0.09876,-1.55989,-0.75073
10023,1,1,-0.64472,-0.49201,1.53818,-0.85497,1.56668,0.37922,0.30405,-0.97973,0.73601,-0.80634,-1.59486,0.03188
15052,2,1,-0.19840,0.11215,-0.30551,-0.04928,-0.07313,-0.02448,0.86162,0.85680,-0.09617,-0.74600,-1.59486,0.03188
10840,1,2,-0.14268,-0.03448,-1.22735,1.23982,-0.61974,-1.03373,0.60091,-0.06146,1.01340,-0.26328,-0.98219,-0.98798
10474,1,2,-0.08590,0.05085,-0.30551,0.43413,-0.07313,-0.22633,0.86162,0.85680,0.18122,-0.50464,-1.46098,-0.56950
8905,2,1,-0.37293,-0.27184,-1.22735,1.23982,0.47347,-0.42818,-1.92767,0.39767,0.18122,-1.71144,-1.33502,-0.06900
30208,2,2,-0.39687,-0.32951,1.53818,1.88437,-1.71295,-0.46855,0.86162,1.31593,1.84557,-0.26328,-0.62926,-0.47823
13906,2,1,-0.16630,0.82052,-1.22735,0.91754,-2.25955,-0.18596,-1.22266,-0.97973,2.12296,-0.98736,-1.85088,-1.09989
5263,1,1,-0.33243,-0.29396,-0.30551,-0.04928,-1.16634,-0.34744,-1.22266,-0.97973,1.01340,0.46080,0.03362,-0.88076
4099,1,2,0.07874,0.09869,0.61634,-1.01611,0.47347,0.05626,-1.92767,1.31593,-0.37356,-0.39493,-0.06182,-0.59463
40105,1,1,-0.24978,-0.30807,-1.22735,-0.21042,1.02008,-0.06485,0.85792,-0.97973,1.56818,-0.80634,-0.06182,-0.59463
12301,2,1,-0.16437,-0.19243,1.53818,-1.17724,0.47347,0.37922,0.86162,0.39767,1.29079,-0.74600,-0.88003,-0.01975
7156,1,2,-0.04275,-0.07149,-0.30551,0.27299,-0.07313,-0.10522,-0.39811,-0.97973,-0.09617,-1.71144,-0.48768,-0.59626
10152,2,2,-0.29745,-0.20764,0.61634,0.27299,-0.07313,-0.34744,0.86162,-0.97973,0.73601,-1.45284,-0.44204,-0.63281
11650,2,1,-0.25351,-0.22229,-1.22735,-1.17724,-0.07313,0.13700,0.86162,-0.52059,-0.37356,-0.74600,0.87480,-1.04032
8881,2,1,-0.33319,-0.07449,0.61634,-0.21042,1.02008,0.01589,0.41249,-0.97973,0.45861,-0.15984,0.22997,-0.70758
8602,2,1,-0.40172,-0.35705,-0.30551,-0.04928,1.02008,0.13700,0.48792,-0.97973,-0.09617,0.55131,-1.56498,0.84724
40146,1,2,-0.40946,-0.42066,0.61634,-0.53269,1.02008,0.50033,0.86162,0.39767,0.18122,0.35736,-0.03419,-0.27957
10017,1,2,0.33582,0.06888,1.53818,-2.14407,1.02008,0.70218,-0.67277,-0.97973,0.18122,-0.80634,0.25884,-0.21889
20109,2,1,-0.04824,-0.10777,1.53818,-0.53269,0.47347,0.58107,-1.22266,1.77506,0.73601,1.90896,-0.27248,-0.59335
10147,1,1,0.12192,-0.00129,-1.22735,1.72323,-2.80616,-0.58966,0.70138,0.39767,1.01340,-0.80634,-0.32620,-0.78629
10208,2,2,-0.19076,-0.23983,-1.22735,0.27299,0.47347,-0.22633,-1.22266,-0.06146,1.56818,0.70216,-0.32620,-0.78629
13096,1,2,-0.25584,-0.29086,-0.30551,1.72323,-0.61974,-0.22633,-1.22266,-0.97973,-0.92834,-1.47008,-0.32620,-0.78629
30223,2,2,-0.51438,-0.40773,-1.22735,1.72323,1.56668,-1.07410,0.86162,1.31593,1.01340,-0.74600,-0.32620,-0.78629
20096,1,1,-0.59764,-0.42346,-0.30551,0.91754,1.56668,-0.34744,-1.22266,1.31593,-2.03790,0.55131,0.07104,-0.21118
10184,1,1,-0.22902,-0.25681,0.61634,-1.33838,-1.71295,0.37922,-0.72457,0.85680,1.56818,1.30556,-1.00834,0.50574
7369,2,2,-0.57052,-0.52765,-0.30551,0.27299,-2.25955,-0.46855,0.86162,-0.97973,-2.87007,-1.22872,-0.61880,-0.70435
3943,1,2,-0.08065,-0.13398,-1.22735,0.27299,-0.61974,-0.30707,-1.22266,-0.52059,-1.20573,-0.93564,-0.77738,-1.19665
6823,1,1,-0.39442,-0.29499,-0.30551,-1.49952,0.47347,0.05626,-1.22266,-0.52059,0.18122,1.90896,-0.77738,-1.19665
11665,2,1,-0.13170,-0.02513,-1.22735,1.72323,0.47347,-1.07410,-1.22266,-0.97973,-2.31529,-1.22872,-0.25648,-0.78772
4216,1,2,0.17005,0.09275,-1.22735,-0.04928,-0.07313,-0.67040,0.41249,0.39767,-1.20573,-0.26328,-0.05159,-0.58479
30054,2,2,-0.32248,-0.23938,0.61634,-1.01611,0.47347,0.21774,-0.04006,2.23419,0.18122,0.70216,-0.05159,-0.58479
30175,2,2,-0.44341,-0.34073,0.61634,-0.37156,-0.61974,0.05626,-1.22266,0.85680,0.18122,-0.50464,-0.05159,-0.58479
40048,2,2,-0.25220,-0.27043,-1.22735,-1.82179,0.47347,0.33885,0.86162,0.85680,0.45861,-1.47008,-0.05159,-0.58479
40063,2,1,1.12756,0.24892,-0.30551,0.75640,0.47347,-0.30707,0.86162,1.31593,-0.09617,0.46080,-0.05159,-0.58479
100792,1,2,-0.32525,-0.26040,0.61634,-0.69383,0.47347,0.41959,-1.22266,1.31593,-0.09617,-0.50464,2.38035,-0.60601
4012,1,2,-0.22547,-0.27994,-1.22735,-0.85497,-0.07313,0.25811,-0.12146,1.31593,0.45861,0.09876,0.09366,0.36705
13594,1,1,-0.07899,-0.02731,-0.30551,1.72323,0.47347,-0.95299,0.84910,-0.52059,0.45861,1.00386,0.09366,0.36705
8506,1,2,-0.16864,-0.27844,-1.22735,1.23982,-0.07313,0.09663,0.84910,-0.52059,-0.09617,0.46080,-0.10119,0.03601
6754,1,1,-0.40546,-0.34174,-1.22735,-0.37156,0.47347,0.21774,0.86162,1.31593,0.18122,1.90896,1.81056,-1.22514
10175,2,2,-0.48855,-0.34540,-0.30551,-1.01611,-2.25955,0.25811,-1.76458,-0.06146,0.73601,1.90896,-0.47098,-0.14885
14656,2,1,0.04722,0.02784,0.61634,-0.21042,0.47347,0.05626,0.86162,-0.97973,0.45861,0.87456,-0.47098,-0.14885
11887,1,1,-0.46329,-0.34071,-0.30551,1.40095,1.02008,-0.38781,-0.16472,1.31593,1.84557,-1.10804,-1.34331,-0.71552
10132,1,2,-0.71690,-0.42069,1.53818,-0.21042,-0.61974,0.05626,-0.55238,-0.97973,-0.09617,-0.15984,1.45506,-0.28704
10148,1,2,0.10641,-0.12498,-1.22735,0.59527,-1.16634,-0.38781,0.86162,-0.97973,-1.48312,0.09876,-0.69525,-0.92325
30199,2,2,1.58427,2.10049,1.53818,-0.69383,1.02008,0.45996,0.86162,1.31593,-0.37356,-0.26328,-0.69525,-0.92325
40180,1,1,-0.15628,-0.24712,,,,26.61959,-0.86688,-0.52059,1.01340,0.70216,-1.04595,-1.12419
7270,1,2,0.05499,0.05431,0.61634,-0.37156,0.47347,0.29848,0.86162,-0.06146,0.73601,-0.10237,0.54777,-0.00235
7132,1,2,-0.28474,-0.31538,0.61634,0.27299,1.02008,0.17737,-1.22266,-0.97973,-0.65095,-0.98736,2.36571,-0.59748
12289,1,2,0.12905,-0.00773,-1.22735,0.27299,-1.16634,-0.22633,-1.22266,0.85680,-0.92834,-1.47008,1.28617,0.08289
40130,1,2,-0.39322,-0.41941,0.61634,0.27299,-0.07313,0.05626,0.83060,0.85680,1.01340,1.90896,1.28617,0.08289
30151,2,2,-0.29362,-0.32092,0.61634,-0.69383,0.47347,0.50033,0.86162,-0.52059,0.73601,1.90896,0.90755,-0.60669
100243,1,2,0.91297,0.82046,0.61634,0.11185,-0.07313,0.09663,-1.22266,1.31593,-1.20573,-0.26328,0.01918,-0.11241
40107,1,1,1.29777,0.34953,0.61634,-0.85497,-0.07313,0.21774,0.67377,-0.97973,0.73601,1.30556,1.30125,0.98244
30273,2,2,-0.17078,-0.24997,-0.30551,0.43413,1.02008,-0.30707,0.86162,0.85680,0.45861,1.90896,-0.52050,-1.32918
30288,2,2,-0.20792,-0.19386,-1.22735,-0.04928,-1.71295,-0.18596,-0.02782,-0.97973,-2.03790,-1.71144,-1.21619,-0.82545
10462,1,1,-0.57224,-0.46746,-1.22735,0.11185,1.56668,0.01589,0.86162,0.39767,0.73601,1.00386,0.60946,0.55723
10124,1,2,-0.30057,-0.26866,-0.30551,-0.85497,0.47347,0.41959,0.86162,0.39767,0.45861,-0.98736,-0.23759,-0.71891
30270,2,2,-0.35550,-0.29880,-0.30551,-1.33838,1.02008,0.13700,-1.92767,-0.97973,-1.48312,0.70216,0.91312,-0.66820
30264,2,3,-2.10776,-1.65209,-1.22735,-0.21042,1.02008,-0.30707,-0.17468,-0.97973,2.12296,-0.50464,-0.45581,-1.10404
10212,2,1,-0.09471,-0.16486,-1.22735,1.72323,1.02008,-1.31631,0.82121,0.39767,0.18122,0.09876,1.36965,-0.44887
40017,1,1,0.03612,-0.14298,0.61634,1.56209,0.47347,-0.06485,0.65983,0.39767,1.84557,1.00386,1.36965,-0.44887
1100412,1,2,0.13071,0.20004,0.61634,-0.69383,0.47347,0.21774,-0.23246,1.31593,-0.09617,1.00386,-0.38470,-1.46091
10432,2,1,-0.31596,-0.28653,-0.30551,0.27299,1.02008,-0.18596,0.86162,-0.06146,0.73601,-0.26328,-0.21150,-0.98280
30116,2,2,-0.16930,-0.23687,-0.30551,-0.53269,-0.07313,0.41959,0.86162,1.77506,1.29079,1.00386,-0.21150,-0.98280
101232,1,1,0.00170,0.16166,-1.22735,0.59527,1.56668,-0.30707,,0.85680,0.18122,-1.71144,0.59503,-1.12911
30086,2,2,0.32885,0.28408,-1.22735,-0.37156,-0.61974,0.37922,0.86162,-0.97973,-0.65095,-0.50464,-0.16309,-1.07118
20042,2,1,-0.29998,-0.19905,0.61634,0.59527,0.47347,-0.10522,0.86162,-0.97973,1.56818,0.46080,-0.41622,-0.14111
40062,1,1,-0.14091,-0.01394,1.53818,0.27299,-1.71295,-0.22633,-1.22266,-0.97973,1.01340,-0.98736,-0.41622,-0.14111
8161,1,2,0.10100,0.06280,1.53818,-2.14407,1.02008,0.58107,0.86162,-0.06146,-0.09617,0.09876,1.36953,1.16051
10085,1,2,-0.20112,-0.17785,-1.22735,0.59527,0.47347,-0.22633,-0.69099,1.77506,,-0.98736,-0.02799,-0.65702
10169,1,2,-0.35443,-0.37435,0.61634,0.43413,0.47347,-0.26670,-1.22266,-0.97973,-0.92834,1.18488,-0.11887,0.40637
21538,2,1,0.27232,0.26011,1.53818,1.72323,1.02008,-0.26670,0.86162,0.39767,0.18122,0.70216,0.10217,-0.91767
300113,2,2,-0.57091,-0.48417,-0.30551,1.23982,1.02008,-0.50892,0.86162,1.77506,1.84557,-0.50464,0.10217,-0.91767
20005,2,1,-0.02175,-0.20770,-0.30551,0.27299,1.02008,-0.26670,-0.79117,1.31593,0.73601,1.18488,0.21465,-0.34278
40203,1,1,-0.68967,-0.52405,-1.22735,-0.21042,-0.61974,-0.10522,-1.71022,-0.52059,-0.65095,-0.50464,0.21465,-0.34278
10576,2,1,-0.38280,-0.27386,-1.22735,0.43413,0.47347,-0.30707,0.84625,-0.97973,-0.92834,-0.50464,2.66347,-1.43649
30102,2,2,0.31610,-0.01861,0.61634,-1.66066,0.47347,0.58107,0.78819,1.77506,0.45861,1.90896,0.32068,-0.17960
10113,1,1,-0.46159,-0.47209,-1.22735,2.52892,-2.80616,-0.91262,-1.22266,0.39767,-2.03790,-0.67704,0.34379,-0.17173
7309,1,1,-0.52020,-0.37246,-0.30551,-0.37156,0.47347,0.09663,0.86162,-0.52059,0.45861,0.46080,-0.12018,-0.25334
9148,1,2,0.78498,0.22216,0.61634,-1.01611,-1.16634,0.33885,-1.22266,-0.06146,0.45861,-0.98736,-0.12018,-0.25334
11863,1,1,-0.46600,-0.44471,0.61634,1.07868,0.47347,-0.99336,-1.92681,-0.97973,-0.09617,1.90896,-0.12018,-0.25334
23374,2,1,-0.44534,-0.39318,-1.22735,1.23982,-0.61974,-0.22633,-1.22266,-0.97973,1.56818,0.21944,0.16211,-0.19649
10561,1,1,-0.51168,-0.46685,0.61634,-0.53269,1.56668,0.17737,0.86162,-0.52059,0.45861,1.65036,-0.81647,-0.85444
100392,1,2,-0.14222,-0.11921,1.53818,-0.69383,1.02008,0.33885,,1.77506,0.45861,0.09876,0.14821,0.13686
30092,2,2,-0.39929,-0.34318,0.61634,-0.21042,0.47347,0.41959,0.86162,0.39767,0.18122,0.87456,-0.33746,0.18337
40126,1,2,-0.44382,-0.40033,0.61634,-0.69383,-0.07313,-0.26670,0.86162,-0.97973,1.01340,-0.80634,0.83931,0.11630
30148,2,2,-0.02324,-0.16581,1.53818,-1.49952,1.02008,0.74255,0.20273,2.23419,,0.70216,-1.52040,-0.60770
11647,2,1,-0.42415,-0.22335,-1.22735,-0.85497,-0.07313,0.13700,0.86162,-0.06146,-1.48312,-0.80634,-0.26954,-0.43926
20068,2,1,-0.01230,-0.05998,-0.30551,-1.82179,1.56668,0.58107,-1.51326,0.39767,1.56818,0.87456,-0.26954,-0.43926
20152,2,1,-0.35992,-0.33066,1.53818,-1.33838,0.47347,0.54070,0.40025,-0.06146,1.29079,0.70216,-0.26954,-0.43926
30245,1,2,-0.07037,-0.06915,-1.22735,1.23982,1.02008,-0.63003,-0.73709,0.39767,-0.37356,0.46080,-0.26954,-0.43926
13699,1,1,-0.34280,-0.38559,-1.22735,1.72323,-2.80616,-0.99336,0.86162,-0.06146,-0.92834,0.55131,0.06049,-0.24140
30076,2,2,0.11838,0.14193,0.61634,0.75640,-0.07313,-0.38781,-1.22266,0.85680,0.18122,-1.22872,0.06049,-0.24140
12274,2,1,0.00727,-0.21986,0.61634,0.91754,-1.71295,-0.34744,0.86162,0.39767,-0.37356,-1.71144,-0.95934,-0.57294
8971,1,1,0.16250,0.05792,1.53818,-0.53269,-0.07313,0.41959,-1.22266,-0.97973,0.18122,-0.50464,-0.17506,0.80728
13105,1,1,-0.07730,-0.10525,1.53818,-0.21042,0.47347,0.33885,0.86162,-0.52059,-0.09617,0.87456,-0.17506,0.80728
30217,2,2,0.96789,0.28089,1.53818,-1.82179,1.02008,0.78292,0.06639,0.39767,1.01340,1.90896,-0.17506,0.80728
302199,2,2,-0.33952,-0.29139,1.53818,0.27299,-1.16634,0.45996,0.86162,0.39767,-0.92834,-1.22872,-0.94130,-0.50385
10107,1,2,-0.48409,-0.46903,0.61634,-0.53269,0.47347,0.09663,0.86162,0.85680,-0.09617,0.35736,-1.55012,-1.13867
30120,2,2,-0.75665,-0.56955,-1.22735,0.59527,-0.07313,-0.10522,-1.22266,-0.97973,-0.65095,-1.71144,-1.55012,-1.13867
301744,2,2,-0.01703,-0.13427,-1.22735,0.27299,-0.07313,0.01589,0.52577,-0.97973,,-1.22872,0.92820,-0.12194
30271,2,2,-0.47239,-0.40472,0.61634,0.75640,1.02008,-0.34744,0.86162,0.85680,0.18122,0.09876,-0.97739,-1.35112
40171,1,2,1.07578,0.91166,-0.30551,-0.37156,0.47347,0.17737,0.86162,0.39767,0.18122,-0.67704,0.62029,0.00907
100572,1,2,-0.16103,-0.07308,-1.22735,1.40095,-0.07313,-0.38781,,1.31593,,-1.10804,-0.54065,0.74216
13588,1,2,1.20492,0.91294,1.53818,-0.53269,-0.07313,0.21774,0.86162,-0.52059,-0.37356,-0.98736,-0.54374,-0.40278
10042,1,1,-0.24701,-0.35457,-0.30551,-0.53269,-2.25955,0.50033,0.84512,0.39767,0.18122,-0.26328,1.26549,0.83270
30193,2,2,-0.55825,-0.43943,-1.22735,0.11185,-0.61974,-0.38781,0.86162,-0.97973,-0.92834,-1.71144,1.26549,0.83270
20078,2,1,-0.47550,-0.46245,-0.30551,1.23982,-0.07313,-0.02448,0.47511,0.85680,-0.65095,-0.50464,0.74327,1.87412
12160,2,1,-0.28933,-0.27491,-0.30551,-0.85497,-0.61974,0.25811,-1.22266,-0.97973,-0.09617,1.00386,0.24832,-0.68497
20145,2,1,0.10299,0.16267,0.61634,-0.53269,0.47347,0.33885,0.86162,-0.06146,1.56818,1.00386,0.87252,-0.71568
30281,2,1,-0.50481,-0.50933,1.53818,0.27299,-1.16634,0.62144,-1.22266,-0.97973,-2.03790,-1.71144,0.87252,-0.71568
6661,1,2,-0.26565,-0.33725,-1.22735,0.59527,-0.07313,-0.34744,0.86162,1.31593,1.56818,1.90896,1.87142,-0.91558
40050,2,2,-0.05949,-0.03079,1.53818,-0.85497,0.47347,0.54070,-1.22266,-0.97973,-1.76051,1.00386,1.87142,-0.91558
40099,1,2,0.39964,0.69444,-1.22735,1.40095,-0.07313,-0.63003,0.82121,-0.06146,-0.37356,0.09876,-0.12406,1.40666
13891,1,2,-0.39023,-0.16765,0.61634,-0.37156,0.47347,0.13700,0.78449,-0.97973,2.12296,0.09876,1.22870,0.03427
30244,1,2,0.12741,0.05932,-0.30551,0.75640,-0.61974,-0.26670,0.52577,-0.97973,-1.20573,0.29990,1.22870,0.03427
40117,1,2,0.02842,-0.03839,0.61634,0.43413,-0.61974,0.09663,-0.14764,1.77506,-0.92834,-0.80634,1.22870,0.03427
10273,2,1,-0.40535,-0.33029,-0.30551,0.27299,-0.07313,0.09663,-1.22266,0.39767,0.73601,0.29990,0.31985,0.40003
20001,2,1,1.67174,1.57064,0.61634,-1.49952,0.47347,0.50033,0.86162,0.39767,0.45861,0.82284,0.31985,0.40003
40198,1,1,-0.58863,-0.53514,-1.22735,1.56209,-0.61974,-0.50892,-0.57031,0.39767,-1.48312,0.09876,0.31985,0.40003
40041,1,2,-0.46250,-0.39770,-0.30551,1.40095,-0.61974,0.25811,0.86162,-0.52059,1.29079,-0.98736,-0.41518,0.35315
20128,2,1,-0.25177,-0.20844,0.61634,-0.69383,1.56668,0.41959,0.86162,-0.06146,1.84557,1.00386,0.05241,1.09930
30308,2,2,-0.81534,-0.61362,0.61634,-1.17724,2.11329,0.82329,-1.22266,-0.97973,0.73601,0.70216,0.05241,1.09930
10138,1,2,-0.10854,-0.33622,-1.22735,-0.21042,-0.61974,-0.26670,-1.92767,-0.97973,-1.48312,-1.22872,1.06271,0.23780
10444,1,2,-0.37338,-0.28311,-1.22735,0.27299,-1.16634,-0.06485,0.86162,-0.97973,-1.48312,-0.20294,1.06271,0.23780
40140,1,2,-0.35158,-0.38312,-1.22735,1.88437,-1.16634,-0.71077,-1.22266,1.77506,1.01340,-0.50464,0.76470,0.88868
5719,1,2,-0.16486,-0.15586,-0.30551,-0.37156,-0.07313,-0.42818,-1.92767,-0.97973,-0.09617,-0.50464,-0.25685,0.29301
5929,1,1,-0.33478,-0.30666,-1.22735,0.75640,-0.07313,-0.06485,-1.22266,-0.52059,-1.48312,1.90896,-0.25685,0.29301
10046,1,2,-0.56253,-0.46047,-0.30551,0.75640,-1.16634,-0.71077,0.79787,-0.97973,0.18122,-0.50464,1.01380,0.64798
11629,2,1,-0.01815,-0.14131,1.53818,-1.17724,-1.16634,0.58107,0.86162,-0.52059,-0.37356,-0.59747,1.01380,0.64798
20132,1,1,-0.61001,-0.44168,0.61634,-0.04928,-0.61974,0.09663,0.86162,-0.97973,-0.65095,1.90896,1.01380,0.64798
20239,1,1,-0.13616,-0.25531,1.53818,-0.53269,-0.61974,0.41959,0.86162,-0.52059,-0.37356,0.09876,1.25275,0.38952
30285,2,2,-0.06390,-0.09901,-1.22735,1.07868,2.11329,-0.46855,0.23546,1.31593,1.01340,-0.10237,1.25275,0.38952
10072,2,1,-0.22806,-0.34930,-1.22735,-0.53269,0.47347,-0.02448,0.86162,-0.52059,,0.09876,-0.43119,0.72977
30171,2,2,0.36837,0.32874,0.61634,-0.69383,1.02008,0.41959,0.13982,-0.97973,-0.09617,-0.15984,-1.12247,0.70567
10051,1,2,-0.43586,-0.36352,-0.30551,0.11185,0.47347,-0.06485,,0.39767,-0.09617,0.70216,0.25360,-0.88300
30284,2,2,-0.36770,-0.32016,0.61634,-0.04928,0.47347,0.05626,-1.22266,-0.06146,1.56818,1.18488,0.17007,-0.56736
3018,2,2,-0.04555,-0.06061,0.61634,-0.69383,1.56668,0.45996,-1.22266,-0.97973,0.18122,1.00386,0.23698,0.86716
8329,2,2,-0.19818,-0.20571,0.61634,-0.69383,0.47347,0.17737,0.21895,1.77506,1.56818,0.09876,0.23698,0.86716
8530,2,1,1.94505,0.71567,1.53818,-0.69383,0.47347,0.13700,0.86162,-0.06146,-0.37356,-0.90690,0.23698,0.86716
8682,1,1,-0.24551,-0.22345,,-0.53269,,-0.18596,-1.92767,-0.97973,1.29079,-0.98736,0.23698,0.86716
9106,2,1,-0.55329,-0.46975,0.61634,-0.69383,2.11329,0.41959,-1.57274,0.39767,0.18122,1.39176,0.23698,0.86716
9172,1,1,1.08800,0.75832,0.61634,-1.17724,0.47347,0.29848,0.85195,-0.97973,0.45861,0.70216,0.23698,0.86716
10005,1,2,0.31080,0.06905,-1.22735,-0.37156,-2.80616,0.01589,-0.59535,1.77506,0.18122,-0.80634,0.23698,0.86716
100133,1,2,0.01745,-0.03753,-1.22735,1.88437,1.02008,-0.42818,0.33906,0.85680,-0.65095,-0.15984,0.23698,0.86716
12091,2,1,-0.02093,0.05752,0.61634,-1.01611,-0.61974,0.41959,0.86162,-0.52059,-0.09617,-0.26328,0.23698,0.86716
12190,2,1,-0.35051,-0.29929,-1.22735,-0.69383,0.47347,-0.42818,0.54456,-0.97973,0.73601,-1.10804,0.23698,0.86716
14881,2,1,0.01984,0.06801,-0.30551,-1.66066,-0.61974,-0.22633,0.52577,-0.97973,-0.09617,-0.80634,0.23698,0.86716
20006,2,1,-0.36305,-0.29470,0.61634,0.43413,-0.61974,-0.22633,0.86162,-0.06146,0.18122,-0.80634,0.23698,0.86716
20036,2,1,-0.04456,-0.07445,1.53818,-0.53269,-0.07313,0.25811,-1.82350,1.31593,0.45861,0.09876,0.23698,0.86716
20102,2,1,-0.57127,-0.44304,-0.30551,1.56209,-1.16634,-0.14559,-0.38473,0.39767,-0.92834,1.18488,0.23698,0.86716
20142,2,1,-0.42548,-0.37292,-1.22735,-0.21042,1.02008,-0.02448,-1.22266,0.85680,0.45861,-0.50464,0.23698,0.86716
20392,2,1,1.91078,1.47037,0.61634,-0.53269,1.02008,0.21774,-1.22266,-0.97973,-1.48312,1.18488,0.23698,0.86716
30057,2,2,-0.00815,0.01135,0.61634,-0.69383,0.47347,0.17737,0.84085,0.85680,-0.09617,1.00386,0.23698,0.86716
30235,1,2,-0.07372,-0.06317,-1.22735,1.56209,-0.07313,-0.99336,0.67377,0.85680,-0.09617,0.70216,0.23698,0.86716
30254,2,2,-0.05238,-0.20212,-1.22735,-0.37156,-0.07313,0.17737,-1.22266,-0.97973,-0.09617,-0.90690,0.23698,0.86716
30266,2,2,-0.05864,-0.05844,-1.22735,1.23982,-0.61974,-0.87225,0.86162,0.39767,-0.37356,-0.06580,0.23698,0.86716
40026,1,1,-0.59062,-0.45523,-0.30551,-0.21042,-0.07313,-0.10522,0.86162,1.31593,-1.20573,0.70216,0.23698,0.86716
40125,1,2,-0.32660,-0.23808,-0.30551,0.59527,0.47347,-0.26670,0.82889,-0.52059,-1.48312,0.09876,0.23698,0.86716
40192,1,2,0.32096,0.00076,-0.30551,-0.04928,1.02008,0.01589,-0.26007,1.31593,-0.09617,0.09876,0.23698,0.86716
100602,1,2,0.83039,0.54609,1.53818,-1.33838,0.47347,0.54070,-0.42344,-0.97973,,1.90896,0.23698,0.86716
3679,1,2,-0.09814,0.44080,-0.30551,-0.85497,-0.61974,0.01589,0.86162,-0.52059,-0.92834,-1.71144,0.19582,1.10957
6940,1,1,-0.31125,-0.28456,-0.30551,-0.53269,-0.07313,0.01589,-1.22266,-0.06146,-0.92834,-0.50464,0.19582,1.10957
7192,1,2,-0.64675,-0.43257,0.61634,-1.33838,-0.61974,0.17737,0.86162,0.85680,-1.20573,-0.10237,0.19582,1.10957
7375,1,2,-0.22516,-0.30590,-0.30551,0.43413,-0.61974,-0.06485,,-0.97973,,-0.35379,0.19582,1.10957
8674,1,1,-0.54029,-0.37974,1.53818,-0.21042,1.02008,0.13700,-0.68814,-0.52059,-0.37356,1.90896,0.19582,1.10957
9022,1,1,-0.06281,-0.10741,1.53818,-0.53269,-0.61974,0.13700,0.86162,-0.97973,1.56818,1.90896,0.19582,1.10957
9109,1,1,-0.03949,-0.20746,0.61634,-0.85497,0.47347,0.29848,0.82462,-0.97973,-0.09617,0.70216,0.19582,1.10957
10057,2,1,0.28601,0.16195,-0.30551,0.27299,-0.07313,-0.02448,,0.39767,,-1.71144,0.19582,1.10957
10120,1,2,0.27555,0.14535,-0.30551,-0.04928,-1.16634,0.13700,0.86162,-0.97973,-2.31529,-0.90690,0.19582,1.10957
102072,2,2,-0.35283,-0.24274,-0.30551,-1.66066,1.02008,0.66181,,0.39767,,-0.06580,0.19582,1.10957
10214,2,1,-0.23888,-0.21824,1.53818,-2.14407,-1.16634,0.78292,-0.53387,-0.06146,0.45861,1.90896,0.19582,1.10957
10795,2,1,0.20713,0.00482,0.61634,-1.17724,0.47347,0.50033,0.86162,-0.97973,1.01340,1.39176,0.19582,1.10957
11950,1,1,0.63632,0.38138,-1.22735,0.75640,-0.61974,-0.14559,0.86162,-0.97973,0.18122,-0.98736,0.19582,1.10957
13312,1,1,0.58152,0.44167,1.53818,-2.14407,2.11329,0.86366,0.86162,-0.97973,0.45861,1.30556,0.19582,1.10957
13627,2,1,1.31069,1.44682,1.53818,-0.21042,-1.16634,0.13700,0.86162,-0.97973,-1.76051,-0.62532,0.19582,1.10957
14911,1,2,0.29822,0.40129,-0.30551,-0.85497,-0.07313,0.01589,0.86162,-0.97973,-1.20573,-1.10804,0.19582,1.10957
15067,2,2,0.02186,0.02801,-1.22735,0.11185,-1.71295,-0.22633,-1.92767,-0.97973,-1.48312,-1.22872,0.19582,1.10957
20099,2,1,-0.22896,-0.20605,1.53818,-0.21042,0.47347,0.41959,0.75603,1.31593,1.56818,1.00386,0.19582,1.10957
21934,2,1,-0.17773,-0.26699,-1.22735,-0.85497,1.02008,0.29848,-1.22266,-0.06146,-0.09617,-0.98736,0.19582,1.10957
30072,2,2,0.08702,-0.24135,-1.22735,-0.85497,-2.80616,0.33885,0.84512,-0.06146,-0.37356,1.90896,0.19582,1.10957
30085,2,2,-0.07357,0.11709,-1.22735,0.43413,0.47347,-0.34744,,-0.97973,,-1.19424,0.19582,1.10957
300872,2,2,-0.32480,-0.28557,-0.30551,-0.37156,-0.07313,0.09663,,-0.52059,,-0.50464,0.19582,1.10957
30099,2,2,-0.06829,-0.28228,-1.22735,0.59527,-0.61974,-0.22633,-1.91087,0.85680,-0.65095,-1.71144,0.19582,1.10957
30106,2,2,-0.40034,-0.17608,-0.30551,-0.04928,-0.07313,0.01589,-0.56148,-0.97973,-0.65095,1.90896,0.19582,1.10957
30147,2,2,-0.32035,-0.23603,-0.30551,-0.85497,1.02008,0.05626,-1.22266,0.39767,0.73601,-1.10804,0.19582,1.10957
30169,2,2,-0.55823,-0.42852,0.61634,-1.98293,1.02008,0.74255,0.86162,1.31593,1.56818,1.90896,0.19582,1.10957
30239,2,2,-0.30338,-0.18370,-0.30551,0.91754,-0.61974,-0.38781,-1.22266,-0.97973,-0.65095,-0.50464,0.19582,1.10957
30253,2,2,-0.52982,-0.33896,-0.30551,1.23982,-1.71295,0.05626,0.60091,0.39767,1.29079,1.18488,0.19582,1.10957
40046,1,1,0.15422,0.05004,-0.30551,-0.85497,1.02008,0.21774,-1.22266,0.85680,1.29079,-0.67704,0.19582,1.10957
40109,1,1,-0.48588,-0.35566,1.53818,0.27299,-0.61974,-0.22633,-1.22266,-0.97973,0.45861,-0.50464,0.19582,1.10957
40219,1,2,-0.14393,-0.18172,-1.22735,-0.37156,0.47347,-0.02448,0.32711,0.85680,-0.65095,-0.26328,0.19582,1.10957
40045,1,1,-0.39109,-0.39896,-0.30551,-0.04928,0.47347,0.13700,0.85792,-0.97973,0.18122,-0.74600,-0.86499,0.21582
40199,1,1,-0.53654,-0.43479,-0.30551,2.36778,-2.25955,-0.91262,0.45006,-0.52059,0.18122,-0.50464,-0.86499,0.21582
7207,1,1,0.31381,0.24197,0.61634,0.59527,0.47347,-0.22633,0.86162,-0.97973,1.29079,-0.02192,1.06504,0.13917
8548,1,1,-0.40342,-0.38948,1.53818,-2.14407,-1.16634,0.62144,0.26933,-0.52059,0.73601,0.09876,1.06504,0.13917
8803,1,1,-0.45685,-0.17607,0.61634,-1.17724,0.47347,0.58107,0.73013,0.39767,-0.37356,1.00386,1.06504,0.13917
9007,1,1,-0.38211,-0.29576,1.53818,-0.53269,1.56668,0.01589,0.86162,-0.97973,,-0.80634,1.06504,0.13917
9154,1,1,-0.46044,-0.38080,-0.30551,0.59527,1.02008,-0.06485,-1.22266,0.39767,0.18122,1.39176,1.06504,0.13917
10456,1,2,-0.07873,0.00955,-1.22735,0.75640,0.47347,-0.46855,0.70821,0.39767,1.01340,-0.80634,1.06504,0.13917
12268,1,1,0.19542,-0.06330,0.61634,-0.85497,-1.16634,0.13700,0.86162,-0.97973,0.73601,-0.26328,1.06504,0.13917
13468,2,2,-0.21112,-0.28189,-1.22735,-0.21042,-0.61974,0.01589,-1.22266,-0.97973,0.45861,-0.98736,1.06504,0.13917
20134,2,1,-0.17300,-0.26353,0.61634,0.43413,0.47347,0.17737,-0.37050,-0.06146,1.01340,0.09876,1.06504,0.13917
30149,2,2,-0.20837,-0.16938,-1.22735,0.43413,1.02008,-0.18596,-1.77255,-0.52059,-2.03790,-1.30917,1.06504,0.13917
30240,2,2,-0.41305,-0.36188,0.61634,0.27299,-0.07313,-0.34744,0.17113,-0.06146,1.01340,0.09876,1.06504,0.13917
40101,1,2,-0.58404,-0.47347,-1.22735,-1.49952,-0.61974,0.09663,0.18166,-0.97973,-0.37356,-1.10804,1.06504,0.13917
40167,1,1,0.10477,0.15435,0.61634,-0.85497,1.02008,0.37922,-0.65085,-0.97973,,0.70216,1.06504,0.13917
5632,1,1,-0.60280,-0.31919,-1.22735,0.27299,-1.16634,-0.10522,0.60091,0.85680,-0.65095,-0.93564,0.27767,-0.98802
5908,1,1,-0.33550,-0.19256,-1.22735,1.88437,-0.07313,-0.58966,-1.22266,-0.06146,-0.37356,0.09876,0.27767,-0.98802
6643,1,1,0.27662,0.58789,1.53818,-0.21042,0.47347,0.21774,0.86162,0.85680,1.29079,0.29990,0.27767,-0.98802
7384,1,1,-0.46131,-0.40340,-1.22735,1.72323,-1.16634,-0.54929,0.86162,-0.06146,1.01340,-0.26328,0.27767,-0.98802
8140,1,2,0.21817,0.33421,0.61634,-1.98293,1.56668,0.54070,-1.22266,0.39767,0.45861,1.00386,0.27767,-0.98802
9001,2,1,0.45595,0.35513,0.61634,-0.37156,-0.07313,0.13700,-1.84456,-0.97973,1.84557,-0.50464,0.27767,-0.98802
9298,1,1,0.14231,0.12768,-1.22735,0.59527,-0.07313,-0.42818,0.86162,-0.06146,2.12296,-1.10804,0.27767,-0.98802
10207,2,2,0.52828,0.46332,0.61634,0.75640,-1.71295,-0.50892,0.86162,0.39767,-0.65095,0.09876,0.27767,-0.98802
10261,2,1,-0.27837,-0.15014,1.53818,-1.82179,0.47347,0.86366,0.86162,0.39767,0.18122,1.90896,0.27767,-0.98802
10750,2,1,0.28816,0.23481,-0.30551,0.59527,-2.80616,-0.10522,-1.22266,-0.97973,-1.20573,-0.50464,0.27767,-0.98802
11872,1,1,-0.33120,-0.24517,0.61634,-0.69383,1.56668,0.13700,-1.81524,-0.97973,-1.20573,0.70216,0.27767,-0.98802
20014,2,1,-0.48316,-0.40748,0.61634,-1.01611,-0.07313,0.41959,0.79787,-0.06146,-1.76051,0.29990,0.27767,-0.98802
20029,2,1,-0.15627,-0.17519,1.53818,-1.66066,-1.16634,0.70218,-0.59535,-0.97973,-0.92834,-0.80634,0.27767,-0.98802
20485,2,1,-0.21998,-0.20395,1.53818,-1.98293,1.02008,0.82329,-1.75946,1.31593,-0.09617,-0.50464,0.27767,-0.98802
21700,2,1,0.96428,0.51812,1.53818,-1.49952,-0.07313,0.62144,-0.53387,-0.97973,-1.20573,,0.27767,-0.98802
22045,2,1,0.10354,0.09443,-0.30551,-1.01611,0.47347,0.25811,-1.22266,-0.97973,0.45861,-0.50464,0.27767,-0.98802
30098,2,2,-0.28568,-0.27886,1.53818,-0.69383,0.47347,0.54070,0.12417,1.77506,0.73601,1.90896,0.27767,-0.98802
30118,2,2,-0.40594,-0.34888,-1.22735,1.23982,1.56668,-0.46855,0.71960,-0.97973,1.01340,-0.98736,0.27767,-0.98802
30250,2,2,-0.30696,-0.33104,-1.22735,0.27299,1.02008,-0.26670,0.86162,-0.97973,1.01340,-0.50464,0.27767,-0.98802
40137,1,2,0.08114,0.19486,-1.22735,-0.21042,1.02008,0.05626,0.29551,1.31593,1.01340,-0.74600,0.27767,-0.98802
40184,1,1,-0.56892,-0.53778,1.53818,-0.69383,-1.16634,0.45996,0.84512,0.39767,-0.37356,1.30556,0.27767,-0.98802
301799,2,2,-0.09000,-0.14919,-1.22735,1.23982,-0.07313,-0.75114,-1.22266,-0.97973,,-0.26328,0.27767,-0.98802
5932,1,1,-0.55658,-0.54224,0.61634,-0.53269,0.47347,0.17737,-1.92681,-0.52059,0.73601,1.90896,0.50260,0.06524
7372,1,1,-0.63210,-0.52646,-1.22735,1.72323,-0.07313,-1.23557,0.82121,-0.97973,-0.92834,-0.67704,0.50260,0.06524
8854,1,1,-0.26862,-0.30948,-0.30551,-1.49952,-0.07313,0.41959,0.86162,0.39767,-1.20573,-0.50464,0.50260,0.06524
9187,2,1,0.83219,0.43216,,0.11185,,-0.26670,-1.22266,-0.06146,-1.20573,1.90896,0.50260,0.06524
10048,1,2,0.04781,0.17868,0.61634,-0.53269,1.02008,0.17737,0.60091,0.85680,-0.92834,1.90896,0.50260,0.06524
10074,1,2,-0.27484,-0.27533,0.61634,-1.33838,-1.71295,0.45996,-0.94145,-0.52059,0.18122,-0.15984,0.50260,0.06524
10086,1,2,0.43480,0.32766,-1.22735,-0.85497,1.56668,0.05626,0.86162,-0.97973,0.18122,-0.80634,0.50260,0.06524
10137,1,2,-0.36342,-0.31503,-1.22735,-0.04928,0.47347,-0.18596,0.86162,0.39767,-0.09617,-0.10237,0.50260,0.06524
10190,2,2,-0.07858,-0.05456,-0.30551,-0.21042,-1.16634,-0.50892,0.86162,-0.97973,0.45861,-0.74600,0.50260,0.06524
10191,1,2,-0.29009,-0.23664,-0.30551,-0.37156,1.02008,0.01589,-1.71733,-0.97973,0.45861,-1.22872,0.50260,0.06524
10288,1,2,0.73080,0.44595,-1.22735,0.59527,-0.07313,-0.10522,0.86162,1.31593,1.29079,0.35736,0.50260,0.06524
10654,1,1,0.25857,0.05814,-1.22735,1.72323,1.02008,-0.42818,0.70821,1.31593,0.73601,1.00386,0.50260,0.06524
10702,2,1,-0.10219,0.19452,-1.22735,0.75640,-0.07313,-0.30707,0.37578,-0.06146,0.45861,-0.39493,0.50260,0.06524
10792,2,1,-0.43731,-0.37353,-1.22735,2.04550,-0.07313,-0.91262,0.86162,-0.97973,-0.65095,-0.74600,0.50260,0.06524
10885,1,2,-0.32966,-0.23600,-1.22735,0.43413,0.47347,-0.38781,-1.22266,-0.97973,-0.92834,-0.98736,0.50260,0.06524
11968,1,1,1.84401,1.97779,-0.30551,0.11185,0.47347,-0.10522,0.86162,1.31593,-0.37356,-0.80634,0.50260,0.06524
13948,1,1,-0.42400,-0.34262,1.53818,-0.69383,-1.71295,0.41959,-1.22266,-0.97973,0.73601,0.82284,0.50260,0.06524
14875,1,1,2.19477,2.10958,1.53818,0.27299,-1.16634,-0.22633,-1.22266,-0.97973,-2.87007,-1.22872,0.50260,0.06524
14923,2,1,-0.20844,-0.14952,0.61634,-0.04928,-1.16634,0.13700,0.86162,3.15246,-2.31529,1.90896,0.50260,0.06524
19996,2,1,-0.27829,-0.25019,-1.22735,0.27299,-1.16634,-0.22633,-1.92767,-0.06146,0.18122,-1.47008,0.50260,0.06524
20126,2,1,-0.16133,-0.19124,,1.72323,,-1.07410,-1.22266,-0.97973,-1.76051,-0.50464,0.50260,0.06524
20154,2,1,-0.07667,-0.24690,1.53818,-0.53269,1.02008,0.50033,0.28669,2.23419,-0.92834,0.09876,0.50260,0.06524
20305,1,1,0.01418,0.08092,-1.22735,1.72323,-0.61974,-0.22633,0.86162,-0.97973,-0.65095,-0.26328,0.50260,0.06524
20572,2,1,1.26989,0.80770,0.61634,-1.17724,-1.16634,0.62144,-1.22266,-0.97973,0.18122,-0.74600,0.50260,0.06524
22165,2,1,0.10718,0.07900,0.61634,-0.04928,-1.16634,0.05626,-1.22266,-0.97973,-1.48312,0.09876,0.50260,0.06524
23137,2,1,0.31245,0.36152,-1.22735,0.27299,-0.61974,0.25811,-0.07563,-0.97973,-1.20573,-0.59747,0.50260,0.06524
23167,2,1,-0.21732,-0.18119,-1.22735,0.43413,-0.61974,-0.38781,0.86162,-0.97973,-0.09617,-0.50464,0.50260,0.06524
23620,1,1,2.84415,0.50336,0.61634,0.27299,-0.61974,-0.22633,-1.22266,-0.97973,,-0.98736,0.50260,0.06524
30187,2,2,-0.28722,-0.17590,0.61634,-0.69383,0.47347,0.25811,0.86162,0.85680,1.29079,0.46080,0.50260,0.06524
30194,2,2,-0.34393,-0.21535,-1.22735,0.43413,1.02008,-0.46855,0.48023,0.85680,-0.09617,-1.71144,0.50260,0.06524
30260,2,2,-0.34497,-0.36517,0.61634,2.69005,0.47347,-0.95299,-1.22266,-0.97973,-0.37356,-0.98736,0.50260,0.06524
30295,2,2,-0.17981,-0.03303,1.53818,-1.82179,0.47347,0.70218,-0.71376,-0.06146,0.73601,1.90896,0.50260,0.06524
30314,2,2,-0.31167,-0.34375,1.53818,-1.66066,0.47347,0.41959,0.86162,0.85680,-0.09617,1.00386,0.50260,0.06524
40064,1,1,-0.51359,-0.56024,0.61634,0.11185,1.02008,0.33885,0.64987,1.31593,0.45861,-0.50464,0.50260,0.06524
40083,1,2,0.00517,-0.00141,-1.22735,0.59527,-0.07313,-0.26670,0.43754,1.31593,-0.37356,-1.10804,0.50260,0.06524
40173,1,1,0.22685,-0.14952,0.61634,-0.37156,0.47347,0.01589,0.75119,-0.97973,,1.90896,0.50260,0.06524
10054,1,2,-0.30161,-0.23073,-1.22735,1.72323,-0.61974,-0.26670,-1.92767,1.77506,-1.76051,-0.50464,0.11191,1.24878
10122,1,2,-0.22672,-0.25225,0.61634,-0.85497,1.56668,0.25811,0.86162,0.39767,1.56818,0.70216,0.11191,1.24878
10134,1,1,0.48543,0.27359,-0.30551,0.11185,-2.25955,-0.42818,0.86162,-0.52059,1.29079,-0.80634,0.11191,1.24878
10141,1,2,-0.24884,-0.24744,0.61634,-0.53269,1.02008,-0.06485,-1.22266,1.31593,0.18122,0.09876,0.11191,1.24878
20149,2,1,-0.16666,-0.23503,-1.22735,0.91754,-0.07313,-0.54929,-0.01501,0.39767,0.73601,1.18488,0.11191,1.24878
20626,2,1,-0.13737,-0.06440,-1.22735,1.56209,-0.07313,-0.83188,-1.81524,1.77506,-0.09617,0.23801,0.11191,1.24878
30108,2,2,-0.54523,-0.48692,-0.30551,0.11185,-0.07313,-0.14559,0.86162,-0.52059,-0.09617,0.09876,0.11191,1.24878
30178,2,2,1.00815,1.93275,-0.30551,-0.21042,-0.07313,0.09663,0.72472,0.39767,-1.76051,0.09876,0.11191,1.24878
30256,2,2,0.25986,0.39067,-0.30551,0.75640,-0.07313,-0.58966,0.86162,0.39767,-1.48312,-1.71144,0.11191,1.24878
14947,2,2,1.54369,1.17636,0.61634,0.59527,-1.16634,-0.22633,-1.22266,-0.97973,-1.76051,-0.74600,-1.22635,-1.51271
8566,1,1,0.08684,0.11622,1.53818,0.43413,-1.71295,-0.26670,-1.22266,-0.97973,0.45861,1.00386,-0.76084,-1.51962
9346,1,1,-0.33031,-0.24574,1.53818,-0.37156,-0.61974,-0.10522,0.80812,-0.97973,-1.76051,0.70216,-0.76084,-1.51962
20007,2,1,-0.22774,-0.19465,0.61634,-0.53269,-1.71295,0.54070,0.43128,-0.52059,1.01340,1.30556,-0.76084,-1.51962
20341,1,1,-0.24097,0.32877,0.61634,0.27299,-1.71295,-0.22633,-1.22266,-0.97973,-0.92834,-0.98736,-0.76084,-1.51962
20644,1,1,-0.01316,-0.18581,1.53818,0.27299,-1.71295,-0.38781,-1.22266,-0.97973,1.56818,-1.22872,-0.76084,-1.51962
23014,2,1,-0.30863,-0.22893,-0.30551,0.75640,-0.07313,-0.30707,0.76343,-0.97973,0.73601,-1.71144,-0.76084,-1.51962
23059,2,1,-0.28312,-0.22745,-1.22735,0.11185,-1.16634,0.09663,-1.92767,-0.97973,0.45861,0.70216,-0.76084,-1.51962
3898,1,2,-0.57910,-0.50009,-0.30551,0.11185,-0.07313,-0.10522,0.60091,0.85680,-2.03790,-0.98736,-0.91324,-0.60791
4210,1,1,-0.03211,-0.17523,-0.30551,-0.37156,1.02008,-0.22633,0.86162,0.39767,-0.65095,-0.15984,-0.91324,-0.60791
7477,1,1,-0.24996,-0.28871,-1.22735,0.75640,-0.07313,-0.14559,0.86162,-0.52059,-0.92834,-0.98736,-0.91324,-0.60791
8989,2,1,-0.30169,-0.00766,1.53818,-1.17724,-0.07313,0.37922,0.37578,-0.97973,-0.09617,-0.26328,-0.91324,-0.60791
9046,1,1,-0.34504,-0.33220,-0.30551,-0.53269,-0.07313,0.17737,-0.42344,0.39767,0.45861,-1.71144,-0.91324,-0.60791
10633,2,1,-0.33792,-0.31999,-1.22735,1.07868,-1.16634,-0.54929,0.86162,-0.52059,-0.65095,-0.98736,-0.91324,-0.60791
14917,2,2,2.00353,1.79343,-1.22735,1.72323,-2.80616,-0.50892,-1.22266,-0.97973,-0.37356,-0.20294,-0.91324,-0.60791
20046,2,2,0.10638,0.37778,0.61634,-0.85497,-1.16634,0.13700,0.78905,-0.97973,1.01340,1.90896,-0.91324,-0.60791
20100,2,1,-0.40714,-0.38128,0.61634,-1.49952,-1.71295,0.45996,0.81011,-0.06146,0.18122,1.00386,-0.91324,-0.60791
20103,2,1,-0.22199,-0.26879,0.61634,-1.17724,0.47347,0.33885,0.86162,-0.52059,0.73601,0.59245,-0.91324,-0.60791
20127,2,1,-0.66623,-0.42790,0.61634,-1.17724,-0.07313,-0.06485,-1.92767,-0.97973,0.45861,1.00386,-0.91324,-0.60791
30110,2,2,0.10347,0.25611,-1.22735,1.56209,0.47347,-0.63003,0.71960,-0.06146,-1.48312,0.09876,-0.91324,-0.60791
30117,2,2,-0.13733,-0.12194,-1.22735,1.56209,-0.07313,-0.87225,0.41249,-0.06146,-0.92834,-0.98736,-0.91324,-0.60791
30190,2,2,-0.34009,-0.33361,-1.22735,0.11185,-0.07313,0.13700,0.78905,0.39767,-0.37356,-1.71144,-0.91324,-0.60791
30249,2,2,0.31639,0.02110,-1.22735,-1.01611,-1.16634,0.17737,0.86162,0.85680,0.45861,-1.38231,-0.91324,-0.60791
40055,2,2,-0.20674,-0.18947,-1.22735,0.59527,-0.07313,-0.54929,0.63791,-0.52059,0.45861,-1.71144,-0.91324,-0.60791
401752,1,1,-0.63708,-0.47895,,-0.04928,,0.01589,,-0.97973,,-0.50464,-0.91324,-0.60791
9181,2,1,0.40041,0.32654,-1.22735,-0.85497,0.47347,0.09663,0.13982,-0.97973,-0.65095,-0.50464,-2.22085,-1.51271
10021,1,2,-0.33424,-0.27402,0.61634,-0.53269,0.47347,0.09663,-1.22266,-0.52059,-0.65095,-0.26328,0.45722,-1.19539
10142,1,1,-0.45863,-0.42704,1.53818,-1.17724,0.47347,0.66181,0.86162,0.85680,1.56818,1.18488,0.45722,-1.19539
11866,1,1,1.20367,2.71744,0.61634,-1.49952,0.47347,0.01589,0.86162,-0.97973,-1.20573,-0.80634,0.45722,-1.19539
20080,2,1,0.33534,0.00452,1.53818,-1.17724,-0.61974,0.86366,-1.22266,-0.52059,1.01340,0.09876,0.45722,-1.19539
21994,1,1,-0.21373,0.07819,-0.30551,1.72323,0.47347,-1.07410,0.86162,1.31593,-1.48312,-1.71144,0.45722,-1.19539
30069,2,2,-0.61964,-0.50992,0.61634,-0.21042,-2.80616,0.13700,0.79787,0.85680,-0.92834,0.70216,0.45722,-1.19539
30229,2,2,-0.53026,-0.47820,-1.22735,-1.17724,-1.16634,-0.79151,-1.92681,-0.97973,-0.09617,-1.71144,0.45722,-1.19539
100872,1,2,-0.30945,-0.32894,-0.30551,-0.21042,-0.07313,0.09663,0.86162,0.85680,1.29079,-1.71144,-1.75768,-0.85885
22123,2,1,-0.29080,-0.13892,-1.22735,0.59527,0.47347,-0.30707,0.86162,1.31593,0.18122,1.90896,-1.75768,-0.85885
11710,1,1,0.07113,0.68901,-0.30551,1.72323,-1.71295,-1.31631,0.86162,-0.06146,-1.20573,0.09876,-1.46519,-1.14839
14878,2,1,0.21540,0.27088,-1.22735,-0.21042,-0.61974,0.13700,0.82121,-0.97973,1.01340,-1.47008,-1.46519,-1.14839
40163,1,2,0.06483,0.16489,0.61634,-1.33838,-0.61974,0.33885,-1.92767,-0.97973,0.45861,-1.25889,-1.46519,-1.14839
4138,1,1,-0.04084,-0.24304,0.61634,-0.21042,0.47347,0.05626,0.86162,-0.97973,0.45861,0.09876,0.50386,0.49015
10210,2,2,-0.48044,-0.43502,-0.30551,-0.53269,-0.07313,0.41959,0.86162,0.39767,-1.20573,-0.26328,0.50386,0.49015
13855,1,1,-0.50721,-0.20227,0.61634,-1.01611,0.47347,0.17737,0.62880,-0.97973,0.73601,0.26333,0.50386,0.49015
20002,2,1,-0.38758,-0.26896,0.61634,0.11185,0.47347,-0.18596,0.82121,-0.97973,-0.37356,1.60726,0.50386,0.49015
20110,2,1,-0.41823,-0.40938,-1.22735,0.43413,-0.07313,-0.30707,-0.15761,-0.52059,,1.90896,0.50386,0.49015
20156,2,1,-0.48734,-0.39069,0.61634,-0.21042,1.02008,0.70218,-1.22266,0.85680,-0.65095,1.60726,0.50386,0.49015
20455,2,1,-0.41821,-0.35974,0.61634,-1.17724,2.11329,0.37922,0.86162,-0.97973,1.29079,1.30556,0.50386,0.49015
21559,2,1,0.02673,0.20786,-0.30551,-0.21042,0.47347,-0.10522,,-0.97973,0.18122,-0.31898,0.50386,0.49015
21598,2,1,0.18871,0.05763,-0.30551,-0.37156,-0.07313,-0.18596,-1.22266,-0.06146,0.18122,0.55131,0.50386,0.49015
30066,2,2,-0.43305,-0.31760,-0.30551,-0.21042,1.02008,0.01589,-1.22266,0.39767,1.01340,1.00386,0.50386,0.49015
30251,2,2,-0.03130,-0.11028,-1.22735,-1.98293,-0.61974,0.66181,0.48792,-0.97973,-1.20573,-0.50464,0.50386,0.49015
30286,2,2,-0.38197,-0.40277,-0.30551,0.59527,0.47347,-0.22633,-1.03851,0.85680,0.18122,1.00386,0.50386,0.49015
40157,1,1,-0.60253,-0.54769,0.61634,1.23982,0.47347,-0.10522,-1.22266,-0.52059,-0.92834,-0.98736,0.50386,0.49015
40189,1,2,0.94791,0.90085,-1.22735,0.75640,0.47347,-0.99336,0.85792,-0.97973,1.01340,-0.50464,0.50386,0.49015
40194,1,1,-0.08080,-0.00169,-1.22735,-0.85497,-1.16634,0.54070,-0.11036,-0.97973,0.73601,0.70216,0.50386,0.49015
5344,1,2,-0.04920,-0.04345,0.61634,1.23982,0.47347,-0.14559,0.86162,1.31593,-0.92834,0.46080,-0.77248,-1.08889
8794,2,1,0.70276,0.63676,0.61634,0.11185,-0.61974,-0.02448,0.86162,-0.52059,-2.31529,0.09876,-0.77248,-1.08889
20065,2,1,-0.28905,-0.27442,-1.22735,2.20664,0.47347,-1.07410,0.35728,-0.52059,1.56818,-0.80634,-0.77248,-1.08889
30207,2,2,0.23621,0.63951,0.61634,-1.01611,0.47347,0.05626,0.86162,-0.97973,-0.92834,-1.71144,-0.77248,-1.08889
4390,2,2,-0.55588,-0.44875,-0.30551,-0.37156,-0.61974,0.01589,0.86162,-0.06146,-0.65095,1.00386,-1.59050,-1.50630
12304,1,1,-0.31011,-0.25907,-0.30551,0.11185,-0.07313,0.05626,-0.05230,-0.52059,0.73601,0.70216,-1.59050,-1.50630
30224,2,2,-0.04809,-0.14948,-0.30551,1.88437,-0.07313,-0.71077,0.48792,-0.97973,-1.20573,-0.50464,-1.59050,-1.50630
30238,2,2,-0.34527,-0.34865,-0.30551,-0.69383,0.47347,0.25811,-1.72957,0.85680,0.73601,0.09876,-1.59050,-1.50630
6766,1,1,-0.18070,-0.25385,0.61634,0.27299,1.02008,-0.02448,-1.90604,-0.06146,-0.09617,1.39176,0.07789,-0.19830
9010,2,1,-0.07199,0.02596,-0.30551,1.23982,-0.61974,-0.38781,-1.22266,0.85680,-1.48312,-1.19424,0.07789,-0.19830
10012,1,2,-0.12697,-0.16805,-0.30551,-0.37156,-0.07313,0.01589,0.52577,-0.97973,0.45861,0.09876,0.07789,-0.19830
10031,2,2,0.05667,-0.09735,1.53818,-1.17724,-0.07313,0.86366,-1.22266,-0.52059,-0.09617,0.09876,0.07789,-0.19830
100362,1,2,-0.13379,-0.16365,-0.30551,-0.69383,-0.07313,0.33885,,1.77506,,-0.80634,0.07789,-0.19830
10228,1,1,-0.08895,0.02515,-0.30551,-0.04928,-0.61974,-0.34744,-1.92767,-0.97973,-0.65095,-1.71144,0.07789,-0.19830
10345,2,1,-0.50125,-0.37167,-1.22735,2.69005,-0.07313,-1.15483,0.86162,-0.97973,-0.09617,0.09876,0.07789,-0.19830
13582,1,1,-0.52928,-0.43788,0.61634,-0.85497,0.47347,0.33885,-1.92767,0.85680,0.18122,1.90896,0.07789,-0.19830
20118,2,1,-0.12252,0.00952,0.61634,-1.49952,-1.16634,0.70218,-1.22266,-0.97973,0.73601,1.42624,0.07789,-0.19830
20431,2,1,-0.23434,-0.25702,0.61634,-0.85497,-1.16634,0.13700,0.13982,0.39767,-0.09617,-0.35379,0.07789,-0.19830
23176,2,1,-0.06079,0.00191,0.61634,0.59527,-0.07313,0.17737,0.86162,1.77506,,-0.50464,0.07789,-0.19830
23653,1,1,0.00098,-0.09283,0.61634,0.11185,0.47347,-0.10522,0.86162,-0.97973,-0.09617,0.55131,0.07789,-0.19830
30064,2,2,-0.39707,-0.43296,0.61634,-0.04928,-0.07313,0.37922,0.77083,-0.97973,0.73601,-1.71144,0.07789,-0.19830
30261,2,2,-0.55024,-0.46692,1.53818,-0.21042,1.02008,0.37922,-1.22266,3.15246,0.73601,1.00386,0.07789,-0.19830
30303,2,2,-0.38120,-0.36859,-1.22735,0.43413,1.02008,-0.34744,-1.22266,-0.97973,-1.20573,-0.15984,0.07789,-0.19830
8773,2,1,0.83974,1.18942,-0.30551,1.23982,-0.07313,-0.38781,0.56334,-0.97973,0.73601,0.70216,0.44463,1.09031
10019,1,2,-0.43158,-0.40374,0.61634,0.43413,-0.61974,-0.14559,-0.20428,-0.97973,-0.09617,-0.26328,0.44463,1.09031
10170,1,1,-0.12589,-0.12356,1.53818,-1.17724,1.02008,0.54070,0.57074,-0.52059,-0.37356,1.90896,0.44463,1.09031
20004,2,1,-0.63839,-0.49236,-0.30551,-1.49952,0.47347,0.29848,0.86162,-0.52059,0.73601,0.09876,0.44463,1.09031
23146,2,1,0.55929,0.20413,-1.22735,2.69005,-0.07313,-1.23557,0.86162,-0.97973,-0.37356,-0.98736,0.44463,1.09031
30123,2,2,-0.65415,-0.49888,-1.22735,2.20664,1.56668,-1.07410,0.86162,2.23419,0.45861,-0.10237,0.44463,1.09031
30152,2,2,-0.38850,-0.31125,0.61634,0.27299,-0.07313,-0.02448,-1.22266,0.39767,0.45861,0.09876,0.44463,1.09031
40187,1,1,-0.57823,-0.43291,0.61634,-0.04928,-2.80616,0.41959,0.86162,1.31593,-0.09617,1.42624,0.44463,1.09031
3829,2,2,-0.11143,-0.29051,-1.22735,0.27299,-1.71295,-0.22633,-1.92767,-0.97973,0.18122,-0.98736,0.35592,0.87614
5134,1,1,-0.26801,-0.35674,-1.22735,1.23982,1.02008,-0.10522,0.86162,-0.06146,-0.65095,-1.47008,0.35592,0.87614
5830,1,2,-0.30078,-0.29623,-0.30551,-0.21042,0.47347,-0.18596,0.41249,-0.06146,-0.92834,-0.59747,0.35592,0.87614
10034,1,1,-0.74559,-0.60651,-0.30551,-0.21042,1.02008,0.45996,0.86162,-0.52059,,0.70216,0.35592,0.87614
10363,1,1,1.51874,2.14677,-1.22735,-0.21042,-0.07313,-0.02448,0.55082,-0.06146,1.56818,-0.50464,0.35592,0.87614
11677,2,1,0.13077,-0.11260,-1.22735,0.59527,1.02008,-0.34744,-0.24185,0.39767,-1.76051,0.70216,0.35592,0.87614
11854,1,1,2.44951,1.76968,-1.22735,-0.69383,-0.61974,-0.14559,0.52577,-0.97973,2.12296,-0.26328,0.35592,0.87614
30198,2,2,-0.07325,-0.01856,0.61634,-0.53269,-0.07313,0.45996,0.82690,-0.97973,-0.37356,-1.71144,0.35592,0.87614
30257,2,2,-0.35385,-0.30626,-1.22735,1.72323,0.47347,-0.58966,-1.22266,-0.97973,-0.92834,0.09876,0.35592,0.87614
30272,2,2,0.56550,0.51105,-0.30551,1.40095,0.47347,-0.14559,0.86162,-0.52059,-1.20573,1.18488,0.35592,0.87614
30289,2,2,-0.24810,-0.18281,1.53818,-0.21042,1.02008,0.13700,0.40025,0.85680,1.29079,0.09876,0.35592,0.87614
30320,2,2,-0.15953,-0.16577,0.61634,0.75640,-0.07313,-0.34744,-1.92283,-0.97973,0.45861,1.00386,0.35592,0.87614
40098,1,2,-0.58282,-0.45684,-0.30551,-0.04928,0.47347,-0.42818,-1.92767,1.31593,-0.09617,-0.50464,0.35592,0.87614
40166,1,1,-0.55823,-0.40902,-1.22735,0.91754,0.47347,-0.46855,-1.22266,2.23419,-0.65095,-1.71144,0.35592,0.87614
5281,1,1,-0.39115,-0.27098,-1.22735,-0.04928,-0.61974,-0.22633,0.86162,-0.06146,-0.37356,0.09876,-0.80711,-1.00218
10188,1,2,-0.10389,-0.18548,-1.22735,0.43413,1.02008,-0.22633,0.86162,1.77506,0.73601,0.70216,-0.80711,-1.00218
30163,2,2,-0.62557,-0.47571,0.61634,-0.85497,1.02008,0.37922,-0.28597,0.39767,1.29079,1.00386,-0.80711,-1.00218
30234,2,2,-0.56861,-0.41616,-1.22735,0.91754,-0.07313,-0.58966,0.86162,-0.97973,-0.37356,-0.50464,-0.80711,-1.00218
302300,2,2,-0.25605,-0.13335,0.61634,0.75640,0.47347,-0.06485,-1.22266,-0.97973,,1.90896,-0.80711,-1.00218
3688,1,1,-0.37610,-0.35983,-1.22735,1.72323,-1.71295,-0.99336,0.41249,0.39767,0.73601,-0.74600,-1.13873,-0.81305
5641,1,1,0.20024,0.05494,-1.22735,0.75640,-0.07313,-0.30707,-1.22266,-0.97973,-0.92834,-0.39493,-1.13873,-0.81305
10612,1,1,-0.36383,-0.25474,0.61634,-1.17724,0.47347,0.45996,-0.22335,-0.06146,-0.37356,1.18488,-1.13873,-0.81305
11767,1,1,-0.18194,-0.24762,-1.22735,1.88437,0.47347,-0.58966,-1.22266,1.31593,-0.37356,-0.80634,-1.13873,-0.81305
20212,2,1,-0.23152,-0.10082,0.61634,0.11185,-0.07313,-0.10522,-1.22266,0.85680,-0.09617,-0.50464,-1.13873,-0.81305
30132,2,2,-0.39916,-0.36329,-1.22735,0.59527,-0.61974,-0.26670,0.86162,-0.97973,0.18122,-1.30917,-1.13873,-0.81305
40089,1,1,-0.31463,-0.40926,-1.22735,0.59527,0.47347,-0.42818,-0.16472,-0.97973,-0.37356,-0.26328,-1.13873,-0.81305
8935,2,1,0.02969,-0.04395,0.61634,-0.69383,-0.07313,0.17737,0.61571,1.31593,0.45861,1.00386,-0.72088,-0.59357
23125,2,1,-0.25587,-0.19216,0.61634,-1.17724,-0.07313,0.41959,0.58213,-0.06146,1.29079,1.90896,-0.72088,-0.59357
300852,2,2,-0.08807,-0.12299,1.53818,-1.17724,0.47347,0.50033,,1.31593,-1.48312,0.09876,-0.72088,-0.59357
30090,2,2,0.37873,0.31507,1.53818,-0.69383,1.02008,0.50033,-0.16472,0.39767,1.56818,-0.26328,-0.72088,-0.59357
40168,1,1,-0.10346,-0.11205,1.53818,-1.33838,1.02008,0.70218,-1.92767,0.85680,-0.37356,1.00386,-0.72088,-0.59357
10076,1,2,-0.57779,-0.44133,1.53818,0.11185,0.47347,-0.02448,0.18166,-0.97973,-0.09617,1.90896,-2.33186,-1.27901
10270,2,1,-0.15548,-0.12292,-1.22735,2.69005,0.47347,-1.11447,0.86162,-0.52059,1.01340,-1.71144,-2.33186,-1.27901
13636,2,1,0.11778,-0.13722,-0.30551,-0.21042,-0.07313,-0.18596,0.86162,0.39767,-0.65095,-0.50464,-2.33186,-1.27901
8986,1,1,-0.31671,-0.31247,-1.22735,1.56209,-0.07313,-0.38781,-0.14337,-0.97973,-0.92834,-0.98736,-0.29668,-1.37109
9256,2,1,-0.56644,-0.13348,-1.22735,1.72323,-1.16634,-1.07410,-1.22266,-0.97973,-0.09617,-0.98736,-0.29668,-1.37109
410149,1,2,-0.32588,-0.23180,-1.22735,0.43413,-2.80616,0.05626,-1.81866,-0.06146,-2.03790,-0.35379,-0.29668,-1.37109
23671,1,1,0.17379,0.32174,-1.22735,0.11185,-1.16634,-0.22633,-1.80926,-0.06146,-1.48312,-0.50464,-0.88760,-1.21639
10741,1,1,0.95910,0.50578,-1.22735,0.91754,-1.71295,0.01589,0.86162,0.85680,-1.20573,-0.98736,-1.35442,-0.96341
30055,2,2,0.40935,0.45460,-1.22735,-0.37156,-1.71295,0.13700,0.05245,0.85680,0.45861,0.09876,-1.35442,-0.96341
30291,2,2,-0.54371,-0.40454,-0.30551,0.75640,1.02008,-0.46855,0.32113,-0.52059,0.18122,0.70216,-1.35442,-0.96341
30317,2,2,0.67984,0.53589,0.61634,-1.66066,0.47347,0.66181,0.84796,3.15246,-0.37356,0.09876,-1.35442,-0.96341
6631,1,2,-0.46277,-0.30214,1.53818,-0.69383,-1.16634,0.58107,0.86162,-0.52059,-0.37356,-1.71144,-0.67546,-1.35215
7378,1,2,0.69008,0.72401,-1.22735,1.88437,-0.07313,-0.71077,-1.22266,1.31593,-0.92834,0.70216,-0.67546,-1.35215
30119,2,2,-0.11943,-0.18354,-1.22735,-1.66066,-0.07313,0.54070,-0.89136,-0.97973,-1.48312,-1.71144,-0.67546,-1.35215
110075,1,1,-0.59686,-0.55306,0.61634,0.43413,-1.71295,-0.22633,0.86162,0.39767,-1.48312,0.09876,-0.67546,-1.35215
6760,1,2,-0.13123,-0.12424,-1.22735,-0.53269,-0.07313,-0.14559,0.86162,-0.97973,-0.09617,0.70216,-1.31525,-0.20920
10759,2,1,-0.02183,-0.13077,0.61634,-0.04928,-0.07313,0.09663,0.86162,-0.52059,-1.48312,-0.67704,-1.31525,-0.20920
12148,1,1,-0.30019,-0.12900,0.61634,-0.37156,-0.07313,0.01589,0.10937,-0.97973,-0.09617,1.30556,-1.31525,-0.20920
40158,1,2,-0.31041,-0.28290,1.53818,-0.69383,-0.07313,0.37922,0.86162,1.31593,0.45861,-1.25889,-1.31525,-0.20920
10747,1,1,-0.07162,0.11500,1.53818,-1.49952,0.47347,0.70218,0.80356,-0.06146,-0.37356,0.09876,-0.70128,-1.57075
13207,2,1,-0.02458,-0.09053,-0.30551,0.59527,0.47347,-0.10522,0.86162,-0.06146,1.56818,0.09876,-0.70128,-1.57075
3949,1,2,-0.09702,-0.13842,0.61634,-0.21042,-0.07313,-0.14559,0.86162,1.77506,0.45861,-0.98736,1.48614,-1.51271
6757,1,2,0.07117,-0.03226,-0.30551,0.75640,-0.61974,-0.34744,0.86162,-0.97973,0.18122,-0.50464,-1.68572,-1.43728
10025,2,1,0.14105,0.04294,0.61634,0.43413,0.47347,-0.46855,0.33906,-0.97973,-0.65095,1.18488,-1.68572,-1.43728
10049,1,1,-0.30622,-0.31525,-1.22735,-0.85497,2.11329,0.62144,-1.77824,-0.97973,,1.63047,-1.68572,-1.43728
10061,1,1,-0.11160,-0.12207,-0.30551,-0.37156,0.47347,0.25811,0.86162,-0.97973,,0.26333,-1.68572,-1.43728
40183,1,2,0.12312,-0.04323,-1.22735,1.40095,1.02008,-0.63003,0.84085,0.39767,0.73601,1.00386,-1.68572,-1.43728
30056,2,2,-0.21962,-0.19369,0.61634,-0.37156,0.47347,0.09663,-0.53387,0.39767,0.18122,0.70216,-1.25626,-1.54871
40094,1,2,-0.16797,-0.11347,-0.30551,-1.01611,-0.07313,0.25811,-0.64061,1.77506,-0.37356,-1.71144,-1.24824,-0.97411
101792,2,2,-0.74468,-0.60285,-0.30551,-0.37156,-1.71295,0.09663,0.86162,-0.97973,-0.92834,-1.10804,-1.16472,-1.21114
23092,2,1,-0.04638,-0.13772,-1.22735,-0.21042,0.47347,0.17737,-1.22266,-0.97973,-0.65095,0.46080,-1.16472,-1.21114
23104,2,1,-0.33326,-0.34863,-0.30551,-1.98293,-0.07313,0.58107,0.86162,-0.06146,-1.48312,0.70216,-1.16472,-1.21114
40215,1,1,-0.15888,-0.05462,1.53818,0.27299,-1.71295,-0.14559,0.86162,-0.52059,0.45861,-0.50464,-1.16472,-1.21114
10105,1,2,0.02155,-0.00815,-1.22735,-0.04928,-1.16634,0.05626,-1.22266,-0.52059,1.29079,-1.22872,-0.69634,-1.13732
13771,2,1,0.19048,0.17374,-0.30551,-0.21042,1.02008,0.25811,0.86162,1.77506,1.01340,0.09876,-0.69634,-1.13732
7393,1,1,-0.53309,-0.49205,0.61634,-1.49952,-0.07313,0.37922,0.86162,-0.97973,-1.20573,-1.10804,-1.71160,-0.36950
9205,2,1,-0.39023,-0.28576,0.61634,-0.21042,-0.07313,0.13700,-1.22266,1.31593,-0.92834,-1.71144,-1.71160,-0.36950
10032,1,2,0.13720,0.08912,0.61634,-0.69383,1.02008,0.37922,0.10937,1.77506,0.73601,1.00386,-1.71160,-0.36950
10071,1,2,0.06081,-0.06727,0.61634,0.59527,-0.07313,-0.02448,0.86162,1.31593,,-0.50464,-1.71160,-0.36950
12217,2,1,-0.04628,0.31086,-0.30551,2.20664,-1.16634,-0.79151,-1.92767,-0.97973,-0.92834,-0.50464,-1.71160,-0.36950
23725,2,1,-0.55449,-0.35127,1.53818,-2.14407,1.02008,0.86366,0.05245,0.85680,-1.48312,1.90896,-1.71160,-0.36950
12364,1,1,-0.22066,-0.08269,-1.22735,0.59527,-0.07313,-0.50892,0.83572,-0.97973,-0.92834,-0.80634,-1.27926,-0.56801
30214,2,2,0.43909,0.28641,-1.22735,1.07868,-0.07313,-0.50892,-1.22266,-0.52059,-0.09617,-0.50464,0.46433,1.55956
9067,2,1,-0.46810,-0.38202,-0.30551,0.43413,1.02008,-0.22633,0.23546,0.39767,-0.37356,1.90896,-1.20782,-0.69604
30177,2,2,0.04485,-0.16053,-0.30551,-0.04928,-0.07313,-0.10522,0.63791,0.85680,-0.09617,0.70216,-0.30080,-1.22377
30081,2,2,-0.62733,-0.43258,1.53818,-0.04928,0.47347,0.13700,0.86162,-0.97973,1.29079,1.30556,-1.46893,-0.78442
13429,1,1,-0.13666,0.22729,0.61634,0.59527,0.47347,-0.30707,0.86162,0.39767,-0.09617,0.29990,0.71098,1.23670
9253,2,1,-0.22694,-0.25998,-1.22735,0.91754,-0.07313,-0.42818,-1.22266,2.23419,1.29079,-0.35379,0.51549,-0.58248
13216,2,1,1.71618,0.70783,-1.22735,-0.37156,-0.07313,-0.26670,-1.22266,-0.97973,-0.09617,-0.98736,0.51549,-0.58248
13795,1,1,0.58859,0.57818,-1.22735,0.27299,0.47347,-0.14559,0.60091,-0.06146,-0.65095,-0.26328,1.72539,1.64245
201142,2,1,-0.31450,-0.22952,-0.30551,0.43413,0.47347,-0.06485,,1.31593,0.45861,0.09876,1.08716,2.27492
30049,2,2,-0.43466,-0.36084,-0.30551,1.40095,-1.16634,-0.38781,0.37578,0.85680,0.18122,-0.98736,1.08716,2.27492
20287,2,1,-0.41051,-0.22857,-1.22735,1.72323,-2.80616,-1.07410,-1.22266,-0.97973,0.45861,-0.15984,1.44938,-0.22676
20320,2,1,-0.22314,-0.18210,0.61634,0.27299,0.47347,0.01589,0.65613,0.85680,-0.37356,-0.90690,1.19766,0.41643
40160,1,1,-0.42992,-0.40717,0.61634,-0.37156,0.47347,0.09663,-1.22266,-0.97973,-1.48312,-0.80634,1.19766,0.41643
10291,1,1,-0.29787,-0.25056,-0.30551,2.69005,-1.16634,-1.07410,0.86162,0.85680,1.29079,-0.50464,0.97352,0.66337
10189,1,1,-0.02441,0.05481,-1.22735,-0.69383,-2.25955,0.33885,-1.51667,0.85680,0.73601,0.09876,-0.91173,0.04351
21514,2,1,-0.21066,-0.19286,0.61634,0.43413,-0.07313,-0.10522,0.20273,0.85680,1.01340,0.09876,-0.91173,0.04351
14734,1,1,-0.35617,-0.29177,-1.22735,0.59527,-0.07313,-0.42818,0.80470,0.39767,0.45861,1.30556,3.03131,1.43918
8536,1,2,-0.19314,-0.16999,-0.30551,1.07868,-0.07313,-0.22633,0.50670,1.31593,0.18122,0.46080,2.81891,1.77221
10136,1,2,-0.13866,-0.17421,1.53818,-1.98293,0.47347,0.78292,0.83629,1.31593,-0.37356,1.00386,2.81891,1.77221
201402,2,1,-0.63682,-0.56799,0.61634,0.11185,-0.07313,-0.14559,-1.92767,0.85680,0.73601,-0.06580,-0.21441,0.08559
40139,1,1,-0.50397,-0.42279,-1.22735,-1.01611,-1.16634,-0.30707,-1.22266,-0.97973,0.45861,-0.26328,-0.21441,0.08559
20069,2,1,-0.24863,-0.15814,1.53818,-0.85497,0.47347,0.13700,0.69370,-0.06146,1.01340,1.00386,-0.11528,0.16919
5404,1,1,0.14828,0.16859,-0.30551,0.59527,-1.16634,-0.18596,-0.49317,-0.06146,0.45861,-0.26328,1.47630,2.77790
5167,1,1,-0.28474,-0.04150,-0.30551,-1.17724,1.02008,-0.10522,0.86162,-0.97973,-0.65095,0.09876,1.11510,0.29308
10121,1,1,0.07400,0.15635,-1.22735,0.27299,0.47347,-0.14559,-1.22266,1.31593,1.29079,1.10443,2.24338,2.74658
10193,1,2,-0.02708,-0.00558,0.61634,-1.66066,1.02008,0.62144,0.42502,0.85680,1.01340,1.30556,0.57197,0.57690
40164,1,2,-0.44563,-0.37195,-1.22735,0.75640,-0.07313,-0.34744,0.28100,-0.06146,-0.37356,-1.10804,0.66536,0.69800
7228,1,1,-0.30666,-0.15193,1.53818,0.75640,-1.71295,-0.50892,-1.22266,-0.97973,0.73601,-1.47008,-0.65496,-0.67669
10744,2,1,-0.55164,-0.48155,-0.30551,1.23982,-0.07313,-0.30707,0.86162,1.77506,-0.92834,-0.80634,0.01320,-0.49272
10333,1,1,-0.32574,-0.27225,-0.30551,-0.21042,-0.07313,0.05626,0.86162,0.39767,1.29079,0.46080,0.08199,-0.34388
40142,1,2,-0.24731,-0.21204,-0.30551,0.43413,0.47347,-0.06485,-1.80926,-0.06146,1.29079,-0.35379,0.38987,-0.35565
30307,2,1,1.04914,0.48632,-0.30551,-0.21042,-1.16634,-0.42818,-1.22266,-0.97973,-2.31529,1.90896,-1.25100,-0.72887
40136,1,2,2.04913,1.16833,-0.30551,-0.69383,-0.07313,0.21774,-1.22266,-0.97973,-1.76051,-0.20294,0.44514,-0.19503
10211,2,2,-0.34982,-0.26936,0.61634,-0.21042,-0.07313,0.09663,0.86162,-0.52059,1.01340,1.00386,1.45027,1.01225
40204,1,1,-0.51265,-0.42818,-1.22735,0.91754,-1.16634,-0.34744,0.86162,-0.52059,0.45861,0.09876,-0.52622,-0.41085
5149,1,2,-0.24799,-0.07217,-1.22735,2.69005,-1.16634,-1.31631,0.17113,-0.97973,-0.65095,-0.74600,0.25888,-0.54608
7204,1,1,0.26802,-0.07063,1.53818,-1.33838,-1.16634,0.66181,-0.05230,0.39767,-1.20573,0.26333,0.25888,-0.54608
8776,1,1,0.31791,0.18246,-0.30551,-0.21042,-0.07313,0.05626,0.82576,1.77506,1.01340,1.39176,0.25888,-0.54608
9304,1,2,-0.04370,-0.16456,0.61634,-0.53269,0.47347,0.13700,0.33906,3.15246,1.56818,-0.26328,0.25888,-0.54608
40022,1,1,0.33640,0.22904,0.61634,1.40095,-0.07313,-0.50892,-1.22266,-0.52059,0.18122,0.09876,1.24272,3.19570
12007,2,1,-0.10777,-0.10855,1.53818,-1.66066,-1.16634,0.58107,0.85792,-0.06146,-0.37356,-0.50464,0.98037,0.53439
30298,2,2,-0.37859,-0.32444,-1.22735,2.04550,0.47347,-0.54929,0.86162,-0.97973,-1.48312,-0.74600,1.07384,1.97183
10038,1,1,-0.47817,-0.41462,1.53818,-2.14407,1.56668,0.86366,-1.70595,-0.06146,,0.09876,-0.37835,0.35588
12310,1,1,0.39110,0.32943,-1.22735,0.11185,-1.16634,-0.30707,0.86162,-0.97973,-0.92834,-0.10237,-0.37835,0.35588
7009,1,2,-0.24569,-0.16138,-1.22735,0.27299,-0.61974,-0.22633,0.17113,-0.52059,-0.92834,-0.98736,0.48701,0.32239
30310,2,2,-0.67601,-0.49241,0.61634,0.59527,1.56668,-0.34744,0.86162,-0.97973,-0.92834,1.90896,1.35914,1.97843
10160,2,2,-0.03507,0.06325,0.61634,-0.53269,1.56668,0.33885,-0.49317,1.31593,1.84557,1.00386,2.10743,-0.84073
9307,2,1,-0.45404,-0.36287,-0.30551,1.23982,-2.80616,-0.67040,0.86162,2.23419,1.56818,-0.50464,1.12320,-0.91786
10579,1,1,-0.58131,-0.28156,-0.30551,0.11185,0.47347,-0.14559,0.86162,-0.97973,-0.37356,-0.26328,-0.62857,-1.01596
401722,1,2,-0.42051,-0.39855,-0.30551,-0.53269,0.47347,0.01589,0.82121,-0.97973,-2.59268,-0.98736,1.77586,0.77058
40211,1,2,-0.41305,-0.38613,0.61634,-0.04928,1.56668,0.13700,0.67947,0.85680,0.73601,0.70216,-0.06594,-0.74409
10106,1,2,0.23929,0.18158,0.61634,-1.01611,-0.07313,0.50033,0.86162,-0.97973,-0.37356,-0.50464,0.38062,-0.29171
30316,2,2,-0.19951,-0.15250,1.53818,-1.01611,1.56668,0.37922,0.60717,0.39767,1.84557,1.00386,0.49471,2.79202
20045,2,1,0.85407,1.11175,1.53818,-0.69383,1.56668,0.37922,-0.10666,0.85680,1.01340,0.09876,1.15399,0.25352
9328,2,1,-0.25572,-0.21942,-0.30551,0.43413,2.11329,-0.02448,0.73269,0.39767,,1.90896,-1.56735,-0.82875
10026,2,2,-0.11395,-0.05445,-1.22735,0.59527,1.02008,-0.22633,0.86162,0.39767,0.73601,0.46080,-0.23367,1.34252
22978,2,1,-0.24148,-0.02802,-1.22735,-0.53269,-1.16634,0.05626,0.52577,-0.97973,-0.37356,-0.50464,0.09531,0.71646
302677,2,2,0.70296,0.42155,1.53818,1.07868,-0.61974,-0.91262,0.86162,-0.97973,,-0.26328,-1.11511,-0.95970
10043,1,2,-0.41869,-0.37664,1.53818,-1.49952,0.47347,0.66181,-1.74380,0.85680,0.18122,1.90896,1.16689,-0.09927
30196,2,2,0.07250,0.13213,-1.22735,1.72323,-0.07313,-0.38781,0.85565,0.39767,-1.76051,-1.71144,-1.82898,-0.13914
12202,2,1,0.02613,-0.05044,-0.30551,0.27299,-1.16634,-0.26670,0.63791,-0.52059,-0.37356,-1.71144,0.88942,0.31656
30309,2,2,1.28579,0.43459,-0.30551,-0.04928,-2.80616,-0.26670,0.86162,-0.97973,-0.37356,1.30556,-0.19741,-0.41558
13225,2,1,0.04256,0.11717,-1.22735,1.72323,-0.07313,-0.83188,0.48792,0.39767,-0.37356,-1.10804,1.36307,0.52451
5320,1,2,0.71734,0.62270,0.61634,-0.37156,-0.07313,-0.06485,0.86162,-0.97973,-1.20573,-0.50464,1.99574,1.12374
30156,2,2,-0.08095,-0.16993,0.61634,-0.21042,-0.07313,0.17737,-1.92767,0.85680,1.01340,-0.50464,0.35416,0.51932
6841,1,2,-0.56732,-0.49028,-1.22735,2.69005,-1.16634,-1.31631,,-0.97973,0.73601,0.09876,-0.33704,-0.05685
30242,1,2,0.86474,0.63479,1.53818,-1.82179,1.56668,0.50033,0.15832,-0.97973,1.01340,0.70216,-1.12289,-0.96190
100632,1,1,0.46726,0.78834,0.61634,-0.53269,0.47347,-0.83188,0.41249,-0.06146,-0.92834,0.46080,3.06035,-0.68114
