ID	Group	gender	condition	ZENGDiff	ZSTEMMajorDiff	ZCMDiff	ZDV	Zmathid	ZSAQ1	Zevap2	ZDwrong	ZFDMNBG	ZSDMNBG	ZSFPNBG	ZFDPDBG	ZFDMNSMT	ZFDMNSMA	ZFDPDSMT	ZFDPDSMA	ZSDMNSMT	ZSFPNSMT	ZSFPNSMA	ZSDMNSMA
5986.00	2.00	0.00	1.00	0.83	 	 	 	 	 	 	 	 	 	 	 	 	 	 	 	 	 	 	 
54041.00	1.00	0.00	0.00	-1.32	-1.15	-1.10	 	 	 	 	 	 	 	 	 	 	 	 	 	 	 	 	 
5524.00	1.00	0.00	0.00	0.75	0.54	1.73	 	 	 	 	 	 	 	 	 	 	 	 	 	 	 	 	 
5529.00	1.00	0.00	0.00	0.34	0.63	1.50	 	 	 	 	 	 	 	 	 	 	 	 	 	 	 	 	 
5555.00	1.00	0.00	0.00	2.08	-1.16	1.31	 	 	 	 	 	 	 	 	 	 	 	 	 	 	 	 	 
5642.00	1.00	0.00	0.00	-0.34	0.10	-0.13	 	 	 	 	 	 	 	 	 	 	 	 	 	 	 	 	 
5692.00	1.00	0.00	0.00	-0.76	0.14	-0.44	 	 	 	 	 	 	 	 	 	 	 	 	 	 	 	 	 
5811.00	1.00	0.00	0.00	0.30	-0.07	0.27	 	 	 	 	 	 	 	 	 	 	 	 	 	 	 	 	 
5899.00	1.00	0.00	0.00	-0.25	-0.73	-0.83	 	 	 	 	 	 	 	 	 	 	 	 	 	 	 	 	 
5900.00	1.00	0.00	0.00	0.21	0.32	-0.10	 	 	 	 	 	 	 	 	 	 	 	 	 	 	 	 	 
6006.00	1.00	0.00	0.00	0.27	-0.13	0.74	 	 	 	 	 	 	 	 	 	 	 	 	 	 	 	 	 
6342.00	1.00	0.00	0.00	-0.26	-0.61	1.96	 	 	 	 	 	 	 	 	 	 	 	 	 	 	 	 	 
39396.00	1.00	0.00	0.00	-0.77	0.46	-0.70	-0.89	-0.58	-0.76	1.84	 	 	 	 	 	 	 	 	 	 	 	 	 
50825.00	2.00	0.00	1.00	1.97	1.59	-0.43	 	 	 	 	 	 	 	 	 	 	 	 	 	 	 	 	 
5322.00	2.00	0.00	1.00	-0.25	-0.73	-0.83	 	 	 	 	 	 	 	 	 	 	 	 	 	 	 	 	 
5323.00	2.00	0.00	1.00	0.05	-0.58	0.29	 	 	 	 	 	 	 	 	 	 	 	 	 	 	 	 	 
5463.00	2.00	0.00	1.00	-1.01	-0.64	0.14	 	 	 	 	 	 	 	 	 	 	 	 	 	 	 	 	 
5806.00	2.00	0.00	1.00	0.21	0.73	1.36	 	 	 	 	 	 	 	 	 	 	 	 	 	 	 	 	 
5884.00	2.00	0.00	1.00	1.77	2.08	-0.07	 	 	 	 	 	 	 	 	 	 	 	 	 	 	 	 	 
6413.00	2.00	0.00	1.00	-0.20	-0.45	-0.41	 	 	 	 	 	 	 	 	 	 	 	 	 	 	 	 	 
6660.00	2.00	0.00	1.00	-0.01	1.26	-0.34	0.54	0.10	 	 	 	 	 	 	 	 	 	 	 	 	 	 	 
49504.00	3.00	1.00	0.00	0.21	0.32	-0.10	 	 	 	 	 	 	 	 	 	 	 	 	 	 	 	 	 
50611.00	3.00	1.00	0.00	-1.69	1.44	-0.91	 	 	 	 	 	 	 	 	 	 	 	 	 	 	 	 	 
6222.00	1.00	0.00	0.00	0.07	-0.70	-0.59	0.36	0.63	 	0.38	 	 	 	 	 	 	 	 	 	 	 	 	 
5626.00	3.00	1.00	0.00	-0.25	-0.73	-0.83	-0.36	-0.05	 	-0.59	 	 	 	 	 	 	 	 	 	 	 	 	 
6403.00	3.00	1.00	0.00	-0.50	0.76	-0.51	1.43	0.78	 	-0.59	 	 	 	 	 	 	 	 	 	 	 	 	 
99851.00	1.00	0.00	0.00	 	 	 	0.90	-0.12	0.01	0.87	-0.49	 	 	 	 	 	 	 	 	 	 	 	 
5984.00	3.00	1.00	0.00	 	 	 	0.36	0.48	 	-0.11	0.73	 	 	 	 	 	 	 	 	 	 	 	 
7677.00	4.00	1.00	1.00	 	 	 	1.25	-1.03	 	 	2.25	 	 	 	 	 	 	 	 	 	 	 	 
5972.00	1.00	0.00	0.00	-0.09	0.07	 	-1.43	1.00	 	0.87	0.66	 	 	 	 	 	 	 	 	 	 	 	 
6944.00	4.00	1.00	1.00	1.30	1.48	 	1.61	-1.48	 	 	0.21	 	 	 	 	 	 	 	 	 	 	 	 
14702.00	1.00	0.00	0.00	 	 	0.86	0.54	-0.95	-0.76	-1.08	-0.11	 	 	 	 	 	 	 	 	 	 	 	 
5623.00	1.00	0.00	0.00	0.21	 	2.09	2.15	-1.55	 	-1.08	0.26	 	 	 	 	 	 	 	 	 	 	 	 
5560.00	3.00	1.00	0.00	-1.18	 	1.26	0.18	0.10	 	-0.11	0.82	 	 	 	 	 	 	 	 	 	 	 	 
5412.00	1.00	0.00	0.00	-1.53	 	-1.15	-0.89	1.45	 	0.38	1.53	 	 	 	 	 	 	 	 	 	 	 	 
11443.00	1.00	0.00	0.00	1.45	 	1.84	0.54	-1.25	-1.53	1.36	-0.38	 	 	 	 	 	 	 	 	 	 	 	 
6118.00	1.00	0.00	0.00	 	1.19	0.87	0.72	0.85	 	-0.11	-1.24	 	 	 	 	 	 	 	 	 	 	 	 
33646.00	1.00	0.00	0.00	0.21	0.32	-0.10	0.18	0.78	0.01	-0.59	1.87	 	 	 	 	 	 	 	 	 	 	 	 
49843.00	1.00	0.00	0.00	-0.29	-0.46	0.36	0.36	-0.58	0.01	0.38	-0.73	 	 	 	 	 	 	 	 	 	 	 	 
64240.00	1.00	0.00	0.00	1.25	0.51	-0.67	0.36	1.45	0.01	-1.08	-0.04	 	 	 	 	 	 	 	 	 	 	 	 
64324.00	1.00	0.00	0.00	-0.71	-1.13	0.03	1.07	-0.58	-0.76	1.36	-1.33	 	 	 	 	 	 	 	 	 	 	 	 
85083.00	1.00	0.00	0.00	-0.10	0.88	-0.49	-0.54	 	0.78	-1.08	-1.62	 	 	 	 	 	 	 	 	 	 	 	 
14989.00	1.00	0.00	0.00	0.21	0.73	1.36	-1.07	1.45	1.55	0.87	-0.29	 	 	 	 	 	 	 	 	 	 	 	 
19494.00	1.00	0.00	0.00	-0.61	0.53	-0.44	-1.43	-0.73	0.01	0.87	0.00	 	 	 	 	 	 	 	 	 	 	 	 
5307.00	1.00	0.00	0.00	0.87	0.32	-1.52	0.90	-1.93	 	-1.08	0.75	 	 	 	 	 	 	 	 	 	 	 	 
5354.00	1.00	0.00	0.00	0.21	0.32	-0.10	-1.43	1.45	 	1.36	0.55	 	 	 	 	 	 	 	 	 	 	 	 
5604.00	1.00	0.00	0.00	-0.05	0.74	-0.71	-0.18	0.10	 	-1.08	-0.07	 	 	 	 	 	 	 	 	 	 	 	 
5606.00	1.00	0.00	0.00	-0.77	-0.78	-0.74	0.90	-1.25	 	-0.59	0.00	 	 	 	 	 	 	 	 	 	 	 	 
5925.00	1.00	0.00	0.00	0.42	-1.10	-0.43	-0.36	0.78	 	0.87	1.29	 	 	 	 	 	 	 	 	 	 	 	 
5959.00	1.00	0.00	0.00	-0.93	-1.89	-0.14	0.18	0.10	 	0.87	0.07	 	 	 	 	 	 	 	 	 	 	 	 
6012.00	1.00	0.00	0.00	-1.29	-0.67	-0.86	2.68	-2.60	 	0.87	-0.60	 	 	 	 	 	 	 	 	 	 	 	 
5533.00	1.00	0.00	0.00	-1.88	-1.01	-0.90	2.15	-1.93	 	 	0.10	 	 	 	 	 	 	 	 	 	 	 	 
5580.00	1.00	0.00	0.00	-0.25	-0.22	0.51	-0.36	-0.80	 	 	0.02	 	 	 	 	 	 	 	 	 	 	 	 
5853.00	1.00	0.00	0.00	-1.28	1.78	-0.95	0.54	0.33	 	 	0.83	 	 	 	 	 	 	 	 	 	 	 	 
6083.00	1.00	0.00	0.00	-0.96	1.43	0.04	0.18	-0.80	 	 	0.97	 	 	 	 	 	 	 	 	 	 	 	 
5290.00	1.00	0.00	0.00	0.22	0.18	-0.49	-0.36	1.07	 	0.87	-0.31	 	 	 	 	 	 	 	 	 	 	 	 
5346.00	1.00	0.00	0.00	0.57	0.18	-0.64	0.18	0.03	 	0.87	1.16	 	 	 	 	 	 	 	 	 	 	 	 
5356.00	1.00	0.00	0.00	1.63	-0.52	-0.40	 	0.10	 	 	-0.92	 	 	 	 	 	 	 	 	 	 	 	 
5360.00	1.00	0.00	0.00	0.78	-1.33	-0.64	-0.89	1.45	 	1.36	-0.97	 	 	 	 	 	 	 	 	 	 	 	 
5361.00	1.00	0.00	0.00	2.15	1.39	0.15	1.97	0.10	 	0.87	-1.23	 	 	 	 	 	 	 	 	 	 	 	 
5377.00	1.00	0.00	0.00	-0.25	-0.73	-0.83	0.72	0.32	 	1.84	1.57	 	 	 	 	 	 	 	 	 	 	 	 
5401.00	1.00	0.00	0.00	0.95	-0.40	-0.96	0.00	-0.43	 	0.38	-0.61	 	 	 	 	 	 	 	 	 	 	 	 
5431.00	1.00	0.00	0.00	0.21	0.32	-0.10	-0.89	1.23	 	-1.08	-0.57	 	 	 	 	 	 	 	 	 	 	 	 
5432.00	1.00	0.00	0.00	1.73	0.59	-0.13	 	-0.20	 	 	1.74	 	 	 	 	 	 	 	 	 	 	 	 
5441.00	1.00	0.00	0.00	-0.66	-1.68	-0.04	3.40	-1.25	 	-0.11	-0.66	 	 	 	 	 	 	 	 	 	 	 	 
5452.00	1.00	0.00	0.00	-0.68	-0.02	0.07	2.51	-0.72	 	0.38	0.24	 	 	 	 	 	 	 	 	 	 	 	 
5460.00	1.00	0.00	0.00	-0.01	1.26	-0.34	0.90	0.17	 	-1.08	0.14	 	 	 	 	 	 	 	 	 	 	 	 
5464.00	1.00	0.00	0.00	-0.49	-1.54	-0.66	0.18	-1.25	 	0.38	-0.01	 	 	 	 	 	 	 	 	 	 	 	 
5502.00	1.00	0.00	0.00	-0.25	-0.73	-0.83	0.36	-0.05	 	0.87	1.41	 	 	 	 	 	 	 	 	 	 	 	 
5532.00	1.00	0.00	0.00	-1.63	1.02	-1.30	 	0.03	 	 	1.05	 	 	 	 	 	 	 	 	 	 	 	 
5557.00	1.00	0.00	0.00	-0.09	-0.71	-0.68	0.54	-0.28	 	-0.59	0.44	 	 	 	 	 	 	 	 	 	 	 	 
5564.00	1.00	0.00	0.00	1.25	0.53	-0.44	1.43	-1.78	 	0.38	1.74	 	 	 	 	 	 	 	 	 	 	 	 
5588.00	1.00	0.00	0.00	0.15	1.79	-1.25	2.33	-0.65	 	0.87	-0.87	 	 	 	 	 	 	 	 	 	 	 	 
5616.00	1.00	0.00	0.00	-0.81	-1.23	-0.03	0.90	-0.12	 	-1.08	-0.15	 	 	 	 	 	 	 	 	 	 	 	 
5632.00	1.00	0.00	0.00	-0.23	0.22	-0.10	1.07	-0.20	 	-1.08	-2.44	 	 	 	 	 	 	 	 	 	 	 	 
5633.00	1.00	0.00	0.00	-1.91	-1.16	-0.78	0.54	-2.08	 	0.38	-0.26	 	 	 	 	 	 	 	 	 	 	 	 
5634.00	1.00	0.00	0.00	-0.94	0.72	-1.05	1.61	-0.20	 	-1.08	-1.47	 	 	 	 	 	 	 	 	 	 	 	 
5669.00	1.00	0.00	0.00	0.21	0.32	-0.10	 	1.00	 	 	-0.63	 	 	 	 	 	 	 	 	 	 	 	 
5679.00	1.00	0.00	0.00	-0.33	-0.52	0.12	2.15	-0.05	 	0.87	1.38	 	 	 	 	 	 	 	 	 	 	 	 
5694.00	1.00	0.00	0.00	0.41	-0.43	0.10	-0.54	1.30	 	0.87	-0.98	 	 	 	 	 	 	 	 	 	 	 	 
5699.00	1.00	0.00	0.00	-0.18	0.65	1.97	-0.36	0.78	 	1.36	0.52	 	 	 	 	 	 	 	 	 	 	 	 
5706.00	1.00	0.00	0.00	-0.38	0.34	-0.45	1.07	-0.43	 	-1.08	-0.95	 	 	 	 	 	 	 	 	 	 	 	 
5752.00	1.00	0.00	0.00	0.36	0.78	-1.49	0.54	-0.43	 	-0.11	0.77	 	 	 	 	 	 	 	 	 	 	 	 
5803.00	1.00	0.00	0.00	0.08	-0.87	0.60	0.36	0.17	 	-0.59	-1.16	 	 	 	 	 	 	 	 	 	 	 	 
5944.00	1.00	0.00	0.00	0.21	0.32	-0.10	-0.71	-0.05	 	1.36	0.05	 	 	 	 	 	 	 	 	 	 	 	 
6014.00	1.00	0.00	0.00	-1.64	2.26	2.37	0.36	0.17	 	0.87	0.08	 	 	 	 	 	 	 	 	 	 	 	 
6063.00	1.00	0.00	0.00	-0.14	-0.69	0.14	1.43	0.48	 	0.87	-0.19	 	 	 	 	 	 	 	 	 	 	 	 
6112.00	1.00	0.00	0.00	0.23	-0.84	-0.65	2.33	1.00	 	-1.08	-1.02	 	 	 	 	 	 	 	 	 	 	 	 
6192.00	1.00	0.00	0.00	-0.34	0.10	-0.13	0.00	1.00	 	1.36	-0.74	 	 	 	 	 	 	 	 	 	 	 	 
6245.00	1.00	0.00	0.00	-0.85	-0.29	-0.78	1.79	-0.95	 	-1.08	1.22	 	 	 	 	 	 	 	 	 	 	 	 
6252.00	1.00	0.00	0.00	1.12	0.03	-0.15	1.07	-0.43	 	-0.59	-0.84	 	 	 	 	 	 	 	 	 	 	 	 
37762.00	1.00	0.00	0.00	0.62	0.87	1.24	-0.89	1.45	0.01	-0.59	0.28	 	 	 	 	 	 	 	 	 	 	 	 
67788.00	1.00	0.00	0.00	0.21	0.32	-0.10	-1.25	1.45	0.78	-0.59	1.51	 	 	 	 	 	 	 	 	 	 	 	 
73140.00	1.00	0.00	0.00	-0.66	1.62	-0.62	0.72	-1.25	-0.76	0.38	-1.06	 	 	 	 	 	 	 	 	 	 	 	 
78097.00	1.00	0.00	0.00	1.46	0.44	-0.24	0.18	-0.58	-0.76	0.38	0.89	 	 	 	 	 	 	 	 	 	 	 	 
99738.00	1.00	0.00	0.00	-0.56	-0.89	-0.53	0.36	-0.58	0.01	1.36	-0.65	 	 	 	 	 	 	 	 	 	 	 	 
12047.00	2.00	0.00	1.00	-0.86	0.01	0.25	-1.25	1.45	0.01	0.87	0.45	 	 	 	 	 	 	 	 	 	 	 	 
52046.00	2.00	0.00	1.00	-1.46	-0.14	-1.35	-0.18	-1.25	-0.76	-1.08	-0.47	 	 	 	 	 	 	 	 	 	 	 	 
59937.00	2.00	0.00	1.00	-0.23	0.22	-0.10	0.36	-0.58	0.01	1.36	1.20	 	 	 	 	 	 	 	 	 	 	 	 
66173.00	2.00	0.00	1.00	0.92	1.27	0.32	0.18	0.10	1.55	0.38	0.77	 	 	 	 	 	 	 	 	 	 	 	 
10271.00	2.00	0.00	1.00	-1.19	-0.58	0.29	-1.43	0.85	0.78	-1.57	-0.29	 	 	 	 	 	 	 	 	 	 	 	 
10934.00	2.00	0.00	1.00	-1.37	-0.89	-1.19	0.00	 	-0.76	-1.08	0.39	 	 	 	 	 	 	 	 	 	 	 	 
25117.00	2.00	0.00	1.00	-0.25	-0.73	-0.83	0.00	0.78	-4.62	0.87	0.79	 	 	 	 	 	 	 	 	 	 	 	 
32693.00	2.00	0.00	1.00	-0.86	0.01	0.25	-1.07	-0.73	-0.76	0.38	-0.95	 	 	 	 	 	 	 	 	 	 	 	 
94773.00	2.00	0.00	1.00	-1.69	-0.78	-1.44	-0.54	0.33	1.55	-1.57	0.31	 	 	 	 	 	 	 	 	 	 	 	 
98040.00	2.00	0.00	1.00	-1.13	-0.23	-1.03	0.18	-0.43	-0.76	-0.59	-0.17	 	 	 	 	 	 	 	 	 	 	 	 
5392.00	2.00	0.00	1.00	-0.84	0.92	0.04	0.54	-0.58	 	-1.08	1.04	 	 	 	 	 	 	 	 	 	 	 	 
5739.00	2.00	0.00	1.00	0.21	0.63	0.19	0.00	-0.58	 	0.87	-0.71	 	 	 	 	 	 	 	 	 	 	 	 
5840.00	2.00	0.00	1.00	-0.38	0.34	-0.45	0.18	0.78	 	0.87	0.65	 	 	 	 	 	 	 	 	 	 	 	 
5964.00	2.00	0.00	1.00	0.21	0.32	-0.10	0.00	-1.93	 	0.87	-0.27	 	 	 	 	 	 	 	 	 	 	 	 
5998.00	2.00	0.00	1.00	-1.05	0.37	1.02	-0.54	0.78	 	1.36	0.48	 	 	 	 	 	 	 	 	 	 	 	 
6556.00	2.00	0.00	1.00	0.38	-0.65	0.79	-1.43	0.55	 	 	0.63	 	 	 	 	 	 	 	 	 	 	 	 
6578.00	2.00	0.00	1.00	0.40	2.87	2.28	-0.71	0.55	 	 	0.96	 	 	 	 	 	 	 	 	 	 	 	 
6712.00	2.00	0.00	1.00	1.55	0.47	0.23	0.72	-0.58	 	 	1.65	 	 	 	 	 	 	 	 	 	 	 	 
6769.00	2.00	0.00	1.00	-0.25	-0.22	0.51	1.25	0.10	 	 	-1.22	 	 	 	 	 	 	 	 	 	 	 	 
6867.00	2.00	0.00	1.00	-0.05	0.61	-0.81	-0.71	-0.13	 	 	2.77	 	 	 	 	 	 	 	 	 	 	 	 
6903.00	2.00	0.00	1.00	-0.21	0.70	1.27	0.00	-0.58	 	 	0.01	 	 	 	 	 	 	 	 	 	 	 	 
6926.00	2.00	0.00	1.00	-1.49	-1.01	-0.46	1.25	-2.15	 	 	0.06	 	 	 	 	 	 	 	 	 	 	 	 
6928.00	2.00	0.00	1.00	0.09	-0.67	0.58	0.36	0.10	 	 	0.21	 	 	 	 	 	 	 	 	 	 	 	 
6964.00	2.00	0.00	1.00	-0.18	2.58	2.19	0.18	-0.58	 	 	0.49	 	 	 	 	 	 	 	 	 	 	 	 
7002.00	2.00	0.00	1.00	-1.26	0.63	-0.09	1.61	-2.60	 	 	-0.55	 	 	 	 	 	 	 	 	 	 	 	 
7024.00	2.00	0.00	1.00	1.16	1.45	0.76	0.36	-1.03	 	 	-1.25	 	 	 	 	 	 	 	 	 	 	 	 
7083.00	2.00	0.00	1.00	2.14	1.36	0.12	1.07	-1.93	 	 	0.27	 	 	 	 	 	 	 	 	 	 	 	 
7089.00	2.00	0.00	1.00	1.45	-0.50	0.74	0.18	-1.25	 	 	0.14	 	 	 	 	 	 	 	 	 	 	 	 
7110.00	2.00	0.00	1.00	0.20	-1.20	-0.48	1.97	-2.60	 	 	1.30	 	 	 	 	 	 	 	 	 	 	 	 
7124.00	2.00	0.00	1.00	-0.51	-0.63	-0.16	1.07	-1.93	 	 	-2.64	 	 	 	 	 	 	 	 	 	 	 	 
7156.00	2.00	0.00	1.00	0.36	-0.49	1.29	0.90	-1.70	 	 	-0.58	 	 	 	 	 	 	 	 	 	 	 	 
7169.00	2.00	0.00	1.00	0.01	0.32	0.23	1.43	-1.48	 	 	0.51	 	 	 	 	 	 	 	 	 	 	 	 
7173.00	2.00	0.00	1.00	-0.96	1.39	-1.08	-0.71	1.00	 	 	0.35	 	 	 	 	 	 	 	 	 	 	 	 
7176.00	2.00	0.00	1.00	-0.29	-0.46	0.36	1.79	-2.60	 	 	-1.81	 	 	 	 	 	 	 	 	 	 	 	 
7262.00	2.00	0.00	1.00	0.64	0.17	0.51	0.72	-0.35	 	 	0.44	 	 	 	 	 	 	 	 	 	 	 	 
7296.00	2.00	0.00	1.00	0.21	0.32	-0.10	2.86	-2.38	 	 	1.43	 	 	 	 	 	 	 	 	 	 	 	 
7318.00	2.00	0.00	1.00	-0.23	0.22	-0.10	0.00	-0.13	 	 	0.96	 	 	 	 	 	 	 	 	 	 	 	 
7367.00	2.00	0.00	1.00	0.31	-0.95	0.49	1.43	-0.80	 	 	1.14	 	 	 	 	 	 	 	 	 	 	 	 
7390.00	2.00	0.00	1.00	0.41	-0.43	0.10	-0.36	-0.58	 	 	0.66	 	 	 	 	 	 	 	 	 	 	 	 
7455.00	2.00	0.00	1.00	-1.02	1.22	-0.86	1.61	-1.48	 	 	-0.03	 	 	 	 	 	 	 	 	 	 	 	 
7458.00	2.00	0.00	1.00	-0.01	1.26	-0.34	0.18	-1.48	 	 	-0.88	 	 	 	 	 	 	 	 	 	 	 	 
7528.00	2.00	0.00	1.00	-0.29	-0.46	0.36	0.54	-0.35	 	 	0.12	 	 	 	 	 	 	 	 	 	 	 	 
7599.00	2.00	0.00	1.00	1.97	1.59	-0.43	0.00	-1.25	 	 	-1.41	 	 	 	 	 	 	 	 	 	 	 	 
14210.00	3.00	1.00	0.00	1.10	0.22	-0.64	3.04	 	-0.76	-0.59	-0.52	 	 	 	 	 	 	 	 	 	 	 	 
14246.00	3.00	1.00	0.00	0.06	-1.15	2.62	-0.18	 	0.78	-0.59	1.08	 	 	 	 	 	 	 	 	 	 	 	 
52103.00	3.00	1.00	0.00	-0.19	-1.09	-0.49	0.36	-1.25	0.78	0.38	0.20	 	 	 	 	 	 	 	 	 	 	 	 
42187.00	3.00	1.00	0.00	-0.01	1.26	-0.34	-1.25	 	1.55	1.84	-0.30	 	 	 	 	 	 	 	 	 	 	 	 
50488.00	3.00	1.00	0.00	-0.20	-0.91	-0.05	 	 	0.78	 	-0.04	 	 	 	 	 	 	 	 	 	 	 	 
5530.00	3.00	1.00	0.00	-0.98	-1.10	-0.82	0.54	-0.13	 	 	0.31	 	 	 	 	 	 	 	 	 	 	 	 
5685.00	3.00	1.00	0.00	-0.05	-0.59	1.45	0.18	-0.13	 	 	-0.10	 	 	 	 	 	 	 	 	 	 	 	 
5291.00	3.00	1.00	0.00	-1.29	-0.67	-0.86	1.97	-0.35	 	-1.08	-0.13	 	 	 	 	 	 	 	 	 	 	 	 
5320.00	3.00	1.00	0.00	1.97	1.59	-0.43	1.07	-0.58	 	0.87	0.05	 	 	 	 	 	 	 	 	 	 	 	 
5330.00	3.00	1.00	0.00	-1.07	-0.67	-1.28	-0.36	-0.43	 	1.36	-1.18	 	 	 	 	 	 	 	 	 	 	 	 
5372.00	3.00	1.00	0.00	-0.56	-1.44	-0.83	 	0.85	 	 	-0.75	 	 	 	 	 	 	 	 	 	 	 	 
5406.00	3.00	1.00	0.00	-0.54	0.43	-0.04	-1.43	1.45	 	0.38	-0.55	 	 	 	 	 	 	 	 	 	 	 	 
5436.00	3.00	1.00	0.00	-0.29	-0.46	0.36	0.72	1.07	 	-0.59	-0.07	 	 	 	 	 	 	 	 	 	 	 	 
5439.00	3.00	1.00	0.00	0.32	-0.34	0.61	0.00	-0.05	 	-1.08	-0.83	 	 	 	 	 	 	 	 	 	 	 	 
5455.00	3.00	1.00	0.00	-0.90	-1.46	-0.20	2.15	-0.65	 	0.87	-0.35	 	 	 	 	 	 	 	 	 	 	 	 
5488.00	3.00	1.00	0.00	-0.04	-0.12	-1.24	-1.07	1.38	 	-1.08	-1.28	 	 	 	 	 	 	 	 	 	 	 	 
5490.00	3.00	1.00	0.00	0.21	0.32	-0.10	1.07	-0.65	 	-0.59	-3.30	 	 	 	 	 	 	 	 	 	 	 	 
5506.00	3.00	1.00	0.00	-0.31	-1.23	-0.79	0.36	1.07	 	-0.59	-0.68	 	 	 	 	 	 	 	 	 	 	 	 
5518.00	3.00	1.00	0.00	0.74	0.45	-0.33	0.54	0.10	 	0.87	-0.32	 	 	 	 	 	 	 	 	 	 	 	 
5559.00	3.00	1.00	0.00	0.15	-1.37	-1.40	0.00	-0.05	 	-0.11	2.14	 	 	 	 	 	 	 	 	 	 	 	 
5567.00	3.00	1.00	0.00	-0.01	-1.09	-0.94	0.00	-0.35	 	-0.11	-0.49	 	 	 	 	 	 	 	 	 	 	 	 
5581.00	3.00	1.00	0.00	-1.59	-1.63	-0.21	0.36	0.63	 	-0.59	-0.07	 	 	 	 	 	 	 	 	 	 	 	 
5628.00	3.00	1.00	0.00	-0.10	0.88	-0.49	1.43	0.03	 	0.38	-0.96	 	 	 	 	 	 	 	 	 	 	 	 
5636.00	3.00	1.00	0.00	-0.56	-1.44	-0.83	-0.36	1.38	 	-1.08	-1.06	 	 	 	 	 	 	 	 	 	 	 	 
5673.00	3.00	1.00	0.00	-0.16	0.80	0.53	1.79	-0.58	 	-0.59	-1.46	 	 	 	 	 	 	 	 	 	 	 	 
5743.00	3.00	1.00	0.00	0.44	1.17	-0.12	-0.89	1.30	 	-1.08	0.80	 	 	 	 	 	 	 	 	 	 	 	 
5754.00	3.00	1.00	0.00	-0.21	-0.37	-0.55	1.43	1.00	 	-1.08	-1.16	 	 	 	 	 	 	 	 	 	 	 	 
5794.00	3.00	1.00	0.00	-1.49	0.76	-0.93	0.36	1.38	 	-0.59	1.51	 	 	 	 	 	 	 	 	 	 	 	 
5797.00	3.00	1.00	0.00	-0.25	-0.73	-0.83	0.18	0.78	 	-1.08	-0.74	 	 	 	 	 	 	 	 	 	 	 	 
5812.00	3.00	1.00	0.00	0.96	0.56	0.01	0.18	-0.72	 	-1.08	0.47	 	 	 	 	 	 	 	 	 	 	 	 
5832.00	3.00	1.00	0.00	0.34	0.63	1.50	-0.18	-0.20	 	0.87	1.23	 	 	 	 	 	 	 	 	 	 	 	 
5847.00	3.00	1.00	0.00	0.77	1.38	0.86	-0.18	-0.58	 	-0.59	-0.96	 	 	 	 	 	 	 	 	 	 	 	 
5877.00	3.00	1.00	0.00	1.22	1.54	1.30	0.72	-1.10	 	-1.08	0.19	 	 	 	 	 	 	 	 	 	 	 	 
5891.00	3.00	1.00	0.00	0.68	-0.38	-0.20	1.25	-0.05	 	-0.59	-2.98	 	 	 	 	 	 	 	 	 	 	 	 
5960.00	3.00	1.00	0.00	0.21	0.32	-0.10	3.22	-0.58	 	-1.08	-2.17	 	 	 	 	 	 	 	 	 	 	 	 
5991.00	3.00	1.00	0.00	-0.44	-1.76	0.89	0.54	0.92	 	-1.08	2.39	 	 	 	 	 	 	 	 	 	 	 	 
6032.00	3.00	1.00	0.00	-0.26	-0.32	-0.29	0.36	0.70	 	-0.11	-2.47	 	 	 	 	 	 	 	 	 	 	 	 
6076.00	3.00	1.00	0.00	-0.85	-0.29	-0.78	0.90	-0.58	 	0.87	0.72	 	 	 	 	 	 	 	 	 	 	 	 
6092.00	3.00	1.00	0.00	1.16	1.45	0.76	0.36	0.55	 	-0.11	-0.24	 	 	 	 	 	 	 	 	 	 	 	 
6104.00	3.00	1.00	0.00	-1.19	-1.79	-0.23	-0.89	1.38	 	-1.08	-0.99	 	 	 	 	 	 	 	 	 	 	 	 
6126.00	3.00	1.00	0.00	0.62	0.87	1.24	-0.36	-0.58	 	1.84	0.33	 	 	 	 	 	 	 	 	 	 	 	 
6163.00	3.00	1.00	0.00	-0.92	-1.35	-1.46	0.72	0.10	 	0.38	0.27	 	 	 	 	 	 	 	 	 	 	 	 
6184.00	3.00	1.00	0.00	0.21	0.32	-0.10	0.18	-0.80	 	-0.59	2.11	 	 	 	 	 	 	 	 	 	 	 	 
6200.00	3.00	1.00	0.00	-1.39	0.05	-0.41	1.25	0.10	 	-0.59	0.54	 	 	 	 	 	 	 	 	 	 	 	 
6211.00	3.00	1.00	0.00	-1.49	0.76	-0.93	 	0.70	 	 	1.31	 	 	 	 	 	 	 	 	 	 	 	 
6265.00	3.00	1.00	0.00	-0.98	-1.10	-0.82	1.79	-0.05	 	-1.08	-2.70	 	 	 	 	 	 	 	 	 	 	 	 
6266.00	3.00	1.00	0.00	-0.89	-1.09	-0.24	0.90	-1.10	 	0.38	1.99	 	 	 	 	 	 	 	 	 	 	 	 
6268.00	3.00	1.00	0.00	-1.26	0.63	-0.09	0.36	0.55	 	-1.08	0.58	 	 	 	 	 	 	 	 	 	 	 	 
6269.00	3.00	1.00	0.00	0.14	-0.09	1.47	1.97	-0.65	 	-1.08	0.24	 	 	 	 	 	 	 	 	 	 	 	 
6368.00	3.00	1.00	0.00	-0.25	-0.73	-0.83	0.36	0.92	 	-1.08	-0.70	 	 	 	 	 	 	 	 	 	 	 	 
6376.00	3.00	1.00	0.00	-0.33	-0.52	0.12	1.43	0.25	 	-0.59	-1.50	 	 	 	 	 	 	 	 	 	 	 	 
6379.00	3.00	1.00	0.00	-0.29	-0.46	0.36	0.90	0.25	 	-0.59	0.80	 	 	 	 	 	 	 	 	 	 	 	 
6383.00	3.00	1.00	0.00	0.62	0.87	1.24	0.36	0.17	 	-1.08	-0.58	 	 	 	 	 	 	 	 	 	 	 	 
52216.00	3.00	1.00	0.00	-0.05	-0.59	1.45	-0.71	0.10	0.01	1.36	-1.00	 	 	 	 	 	 	 	 	 	 	 	 
54792.00	3.00	1.00	0.00	1.46	1.46	2.38	 	0.78	0.78	-0.59	-1.00	 	 	 	 	 	 	 	 	 	 	 	 
72054.00	3.00	1.00	0.00	-0.16	0.80	0.53	-1.43	1.45	1.55	-0.11	-0.88	 	 	 	 	 	 	 	 	 	 	 	 
74449.00	3.00	1.00	0.00	-0.25	-0.73	-0.83	-1.07	1.45	0.78	-0.59	-0.29	 	 	 	 	 	 	 	 	 	 	 	 
79171.00	4.00	1.00	1.00	-0.60	-0.61	-0.28	 	 	 	 	-1.50	 	 	 	 	 	 	 	 	 	 	 	 
22473.00	4.00	1.00	1.00	-0.01	1.26	-0.34	0.54	0.48	-0.76	-0.11	-0.90	 	 	 	 	 	 	 	 	 	 	 	 
64360.00	4.00	1.00	1.00	-1.07	-0.67	-1.28	-0.18	0.55	-1.53	1.36	0.17	 	 	 	 	 	 	 	 	 	 	 	 
68985.00	4.00	1.00	1.00	2.10	-1.62	-1.42	 	 	0.01	 	-0.41	 	 	 	 	 	 	 	 	 	 	 	 
80918.00	4.00	1.00	1.00	2.10	-1.62	-1.42	 	0.33	 	 	-0.22	 	 	 	 	 	 	 	 	 	 	 	 
93310.00	4.00	1.00	1.00	-1.37	-1.14	-0.19	 	0.55	 	 	0.20	 	 	 	 	 	 	 	 	 	 	 	 
6446.00	4.00	1.00	1.00	0.39	-1.57	-1.09	-0.71	1.00	 	 	-0.71	 	 	 	 	 	 	 	 	 	 	 	 
6487.00	4.00	1.00	1.00	-0.25	-0.73	-0.83	0.00	0.55	 	 	0.27	 	 	 	 	 	 	 	 	 	 	 	 
6564.00	4.00	1.00	1.00	0.37	-1.02	-0.24	-1.07	1.00	 	 	0.93	 	 	 	 	 	 	 	 	 	 	 	 
6670.00	4.00	1.00	1.00	0.91	-0.52	0.93	-1.25	1.45	 	 	0.26	 	 	 	 	 	 	 	 	 	 	 	 
6671.00	4.00	1.00	1.00	1.97	1.59	-0.43	1.07	-0.35	 	 	0.41	 	 	 	 	 	 	 	 	 	 	 	 
6714.00	4.00	1.00	1.00	-0.01	1.26	-0.34	0.18	0.10	 	 	0.12	 	 	 	 	 	 	 	 	 	 	 	 
6747.00	4.00	1.00	1.00	-0.18	0.65	1.97	-0.54	0.78	 	 	1.03	 	 	 	 	 	 	 	 	 	 	 	 
6758.00	4.00	1.00	1.00	0.01	-0.76	-1.45	0.36	0.10	 	 	0.70	 	 	 	 	 	 	 	 	 	 	 	 
6846.00	4.00	1.00	1.00	-0.64	1.94	-0.76	-0.36	-0.80	 	 	0.41	 	 	 	 	 	 	 	 	 	 	 	 
6871.00	4.00	1.00	1.00	-1.61	0.15	-0.35	0.36	-0.13	 	 	1.01	 	 	 	 	 	 	 	 	 	 	 	 
6886.00	4.00	1.00	1.00	0.08	-0.87	0.60	0.54	-1.03	 	 	-0.86	 	 	 	 	 	 	 	 	 	 	 	 
6942.00	4.00	1.00	1.00	0.17	0.53	-0.06	-0.71	0.78	 	 	0.54	 	 	 	 	 	 	 	 	 	 	 	 
6952.00	4.00	1.00	1.00	-0.20	-0.45	-0.41	-0.36	0.55	 	 	0.40	 	 	 	 	 	 	 	 	 	 	 	 
6981.00	4.00	1.00	1.00	-0.25	-0.73	-0.83	0.36	-0.35	 	 	0.59	 	 	 	 	 	 	 	 	 	 	 	 
7031.00	4.00	1.00	1.00	0.21	0.32	-0.10	0.54	-0.35	 	 	1.25	 	 	 	 	 	 	 	 	 	 	 	 
7095.00	4.00	1.00	1.00	0.54	0.52	0.17	0.54	-1.03	 	 	0.53	 	 	 	 	 	 	 	 	 	 	 	 
7108.00	4.00	1.00	1.00	0.21	0.73	1.36	0.54	0.10	 	 	0.70	 	 	 	 	 	 	 	 	 	 	 	 
7196.00	4.00	1.00	1.00	-1.01	-0.64	0.14	0.36	-0.13	 	 	1.35	 	 	 	 	 	 	 	 	 	 	 	 
7221.00	4.00	1.00	1.00	0.38	-0.65	0.79	-0.18	0.10	 	 	1.70	 	 	 	 	 	 	 	 	 	 	 	 
7237.00	4.00	1.00	1.00	-0.27	-0.06	-0.25	0.90	-1.03	 	 	-2.27	 	 	 	 	 	 	 	 	 	 	 	 
7238.00	4.00	1.00	1.00	-0.06	-0.18	2.36	0.36	-0.35	 	 	1.47	 	 	 	 	 	 	 	 	 	 	 	 
7264.00	4.00	1.00	1.00	-1.36	-0.83	-0.56	0.36	0.10	 	 	0.38	 	 	 	 	 	 	 	 	 	 	 	 
7283.00	4.00	1.00	1.00	-0.61	-0.51	-0.43	0.18	-0.80	 	 	0.52	 	 	 	 	 	 	 	 	 	 	 	 
7299.00	4.00	1.00	1.00	0.38	-0.65	0.79	-0.36	0.78	 	 	-0.16	 	 	 	 	 	 	 	 	 	 	 	 
7371.00	4.00	1.00	1.00	-0.01	1.26	-0.34	1.79	-1.03	 	 	-1.92	 	 	 	 	 	 	 	 	 	 	 	 
7440.00	4.00	1.00	1.00	-1.49	-1.23	-1.68	0.00	0.55	 	 	-0.44	 	 	 	 	 	 	 	 	 	 	 	 
7471.00	4.00	1.00	1.00	-0.25	-0.73	-0.83	1.61	-0.35	 	 	0.08	 	 	 	 	 	 	 	 	 	 	 	 
7500.00	4.00	1.00	1.00	0.21	0.32	-0.10	-0.89	1.23	 	 	0.34	 	 	 	 	 	 	 	 	 	 	 	 
7515.00	4.00	1.00	1.00	-1.15	-0.47	-0.20	0.36	-0.13	 	 	1.81	 	 	 	 	 	 	 	 	 	 	 	 
7581.00	4.00	1.00	1.00	-0.97	0.43	-0.45	2.86	-2.60	 	 	0.24	 	 	 	 	 	 	 	 	 	 	 	 
7710.00	4.00	1.00	1.00	0.45	0.97	-0.52	1.43	-0.80	 	 	1.19	 	 	 	 	 	 	 	 	 	 	 	 
11762.00	4.00	1.00	1.00	2.10	-1.62	-1.42	 	 	 	-0.11	1.63	 	 	 	 	 	 	 	 	 	 	 	 
42211.00	1.00	0.00	0.00	0.84	-0.18	2.76	0.54	0.10	0.78	0.38	 	-0.01	 	 	1.46	1.09	0.04	0.99	1.02	 	 	 	 
34534.00	1.00	0.00	0.00	 	 	 	0.18	0.03	-1.53	-1.57	0.40	-0.56	 	 	1.34	0.60	-0.48	0.80	0.90	 	 	 	 
52259.00	1.00	0.00	0.00	 	 	 	-1.25	0.78	-0.76	-1.08	-0.34	-0.49	 	 	0.88	-0.15	-0.56	0.29	0.62	 	 	 	 
56727.00	1.00	0.00	0.00	 	 	 	0.00	0.10	-2.31	-0.59	-0.81	-0.81	 	 	-1.01	-0.59	-1.09	-1.90	-1.54	 	 	 	 
56919.00	1.00	0.00	0.00	 	 	 	0.00	-1.25	0.78	0.38	-0.36	-0.55	 	 	0.56	-0.30	0.02	-0.75	0.40	 	 	 	 
58160.00	1.00	0.00	0.00	 	 	 	-0.54	-0.58	-0.76	-1.08	-0.16	1.24	 	 	-0.30	1.14	2.05	-1.46	-0.51	 	 	 	 
57811.00	4.00	1.00	1.00	0.80	 	-1.86	-0.71	1.23	0.78	-0.59	-0.32	0.48	 	 	0.78	1.02	0.64	0.51	0.92	 	 	 	 
16092.00	1.00	0.00	0.00	-0.32	0.39	-0.45	2.86	0.10	0.01	-0.11	0.00	0.55	 	 	-0.23	0.92	0.48	-0.43	-2.17	 	 	 	 
84065.00	1.00	0.00	0.00	-0.94	-1.79	-0.59	-0.89	0.10	0.78	-0.11	0.33	0.71	 	 	1.33	0.47	0.17	1.21	1.31	 	 	 	 
18093.00	1.00	0.00	0.00	-0.05	0.80	0.10	-1.25	1.30	-0.76	1.36	-0.48	0.40	 	 	-0.47	0.60	0.31	-0.21	0.83	 	 	 	 
25558.00	1.00	0.00	0.00	0.21	0.73	1.36	 	0.10	-0.76	-1.08	-1.15	0.36	 	 	0.70	0.06	0.14	0.45	-0.12	 	 	 	 
39934.00	1.00	0.00	0.00	-0.55	-0.44	-0.65	-0.71	-0.05	-0.76	0.87	0.35	0.75	 	 	-0.01	1.50	1.20	0.55	0.05	 	 	 	 
52031.00	1.00	0.00	0.00	1.29	0.43	0.83	2.15	-0.35	 	-0.59	2.15	-0.02	 	 	-1.36	0.70	0.25	-0.98	-0.69	 	 	 	 
75036.00	1.00	0.00	0.00	-0.25	-0.73	-0.83	-1.25	1.30	-0.76	1.36	-0.38	-0.20	 	 	0.53	0.25	-0.28	0.49	0.94	 	 	 	 
82900.00	1.00	0.00	0.00	-0.28	-1.79	-1.04	-0.89	0.18	1.55	0.87	1.00	0.32	 	 	-0.32	0.99	-0.49	0.87	-0.07	 	 	 	 
89562.00	1.00	0.00	0.00	-0.77	-1.11	-0.84	-1.43	0.40	-0.76	1.84	1.67	-0.75	 	 	1.64	0.00	-0.18	-0.29	0.92	 	 	 	 
19152.00	1.00	0.00	0.00	0.38	-0.65	0.79	-1.07	0.10	-0.76	1.36	-0.67	-0.58	 	 	0.84	0.90	-0.50	-2.00	-0.99	 	 	 	 
66832.00	1.00	0.00	0.00	0.21	0.73	1.36	0.00	0.10	0.78	-1.08	0.42	-1.51	 	 	1.02	-2.42	-0.89	1.25	0.66	 	 	 	 
36944.00	2.00	0.00	1.00	0.22	0.08	-0.41	1.43	 	0.01	-0.11	-0.44	0.07	 	 	-0.23	0.23	0.20	0.72	0.79	 	 	 	 
68236.00	2.00	0.00	1.00	0.38	-0.65	0.79	1.97	-2.60	-0.76	-0.59	1.62	0.62	 	 	0.25	1.05	0.20	-0.18	-0.27	 	 	 	 
18195.00	2.00	0.00	1.00	0.44	-0.46	0.48	-1.43	-0.13	0.78	1.84	-1.21	0.11	 	 	0.19	-1.41	-1.02	1.01	0.71	 	 	 	 
39937.00	2.00	0.00	1.00	1.97	1.59	-0.43	1.07	-0.05	-0.76	-1.57	2.94	-0.08	 	 	-0.63	-0.68	-0.34	-1.30	-0.27	 	 	 	 
60269.00	2.00	0.00	1.00	3.39	1.01	1.41	1.79	-0.95	-0.76	-0.59	0.81	1.07	 	 	-0.23	1.55	1.57	0.52	0.62	 	 	 	 
90047.00	2.00	0.00	1.00	0.21	0.32	-0.10	 	0.93	 	-1.57	-0.56	0.60	 	 	0.51	0.54	0.77	0.60	0.53	 	 	 	 
8325.00	3.00	1.00	0.00	-0.07	-1.06	0.90	 	0.78	0.78	 	-1.28	-0.30	 	 	2.02	-0.06	-0.30	1.41	1.78	 	 	 	 
22914.00	3.00	1.00	0.00	0.01	0.32	0.23	-0.36	-1.55	-0.76	0.87	0.41	-0.03	 	 	0.61	0.41	0.80	0.13	-0.06	 	 	 	 
33836.00	3.00	1.00	0.00	-1.29	-0.67	-0.86	0.72	0.48	0.01	-0.11	-0.85	-0.89	 	 	-0.37	-0.72	-0.67	0.64	0.89	 	 	 	 
89000.00	3.00	1.00	0.00	-1.29	-0.67	-0.86	-0.71	-0.13	0.78	0.38	-0.77	0.81	 	 	-0.68	0.12	0.45	-0.59	-0.43	 	 	 	 
89095.00	3.00	1.00	0.00	1.16	1.45	0.76	0.00	0.25	0.78	0.87	-0.37	0.15	 	 	0.59	-0.13	0.42	-1.52	0.30	 	 	 	 
50491.00	3.00	1.00	0.00	-0.18	0.65	1.97	-0.54	0.10	0.01	-1.08	-2.01	-0.80	 	 	0.87	-1.01	-0.67	2.09	1.14	 	 	 	 
38801.00	4.00	1.00	1.00	-0.79	1.25	-0.19	-1.43	1.38	-0.76	-0.59	-0.28	-0.47	 	 	1.33	-1.46	-0.32	0.11	0.97	 	 	 	 
54405.00	4.00	1.00	1.00	-1.07	-0.67	-1.28	-1.25	0.25	-0.76	1.84	0.32	0.32	 	 	0.14	0.51	0.12	-1.30	-0.50	 	 	 	 
79316.00	1.00	0.00	0.00	-0.29	-0.46	0.36	-0.36	0.10	-0.76	0.87	1.22	0.46	 	-1.21	-1.23	0.30	0.37	-1.52	-1.18	 	-1.80	-1.69	 
32372.00	1.00	0.00	0.00	-1.02	-0.59	-0.04	1.43	0.10	-0.76	-0.59	1.09	0.30	0.44	-0.96	0.34	0.95	-0.26	0.01	-0.29	-0.40	-1.15	-0.96	 
49103.00	1.00	0.00	0.00	-0.01	-1.04	-1.22	0.36	-0.58	-0.76	0.38	-0.52	-0.09	-0.02	-1.35	-1.14	-0.21	0.93	-0.53	0.10	-0.81	-0.36	-0.60	 
90547.00	2.00	0.00	1.00	-1.29	-0.67	-0.86	-0.36	-0.35	0.01	0.87	0.62	-2.28	-1.23	-3.18	-0.67	-2.43	 	-0.89	-0.79	 	-2.51	 	-1.57
73741.00	4.00	1.00	1.00	 	1.66	-0.10	0.54	-0.50	0.01	-1.57	0.34	0.34	-2.22	-3.01	0.36	-0.22	0.24	-1.94	0.24	-0.37	-2.62	 	-1.93
38298.00	1.00	0.00	0.00	0.21	0.32	-0.10	-1.07	1.45	-0.76	-1.08	1.18	1.11	-0.07	 	0.39	0.72	0.36	0.27	0.54	-0.37	 	-1.75	0.15
92046.00	1.00	0.00	0.00	3.00	1.17	 	-0.18	0.10	-1.53	1.36	-0.37	 	 	-2.14	-1.62	 	-1.89	-1.83	-1.39	 	-2.14	-1.56	-0.51
16257.00	1.00	0.00	0.00	 	 	 	0.18	-0.58	0.78	0.38	0.52	1.43	 	-0.90	0.00	0.54	0.75	-0.52	0.31	 	-2.08	-1.01	-1.76
11913.00	4.00	1.00	1.00	-0.80	-0.77	-0.93	0.36	-0.65	0.01	-0.59	-0.42	-0.35	0.27	-0.54	-0.23	0.51	-0.07	0.88	-0.74	 	0.12	0.39	-1.86
62217.00	1.00	0.00	0.00	-0.82	-0.46	-1.71	-1.07	0.93	0.78	-1.57	-0.16	0.04	0.27	1.23	-1.15	-0.90	-0.84	-1.56	 	0.96	0.83	0.63	-0.03
12258.00	4.00	1.00	1.00	0.21	0.73	1.36	0.18	0.48	 	-0.11	-0.17	0.84	-0.36	-1.08	-2.81	0.17	0.66	-2.19	 	-1.02	-0.94	-0.95	-0.77
42672.00	4.00	1.00	1.00	0.38	-0.65	0.79	-0.18	-1.25	-1.53	-0.59	1.41	 	0.89	-0.64	-0.96	 	 	-2.08	-0.42	1.20	-0.24	0.18	0.85
11874.00	3.00	1.00	0.00	-0.46	-0.80	-1.21	-0.18	0.85	0.01	0.38	0.60	-2.19	0.32	-0.91	-0.77	 	 	-0.34	0.43	-2.46	0.53	-0.76	-0.07
13569.00	2.00	0.00	1.00	2.54	1.34	 	-2.32	-3.28	-5.40	-1.57	-0.26	 	-0.23	-0.36	 	-3.04	 	-2.05	-0.22	-0.64	-0.95	0.21	-0.44
59423.00	1.00	0.00	0.00	 	 	 	-1.43	1.45	1.55	-0.11	-0.74	-2.37	0.42	-0.22	0.21	 	-3.24	0.39	0.24	0.37	0.67	-0.36	0.46
60970.00	4.00	1.00	1.00	-0.29	-0.46	0.36	-1.43	0.85	0.01	-1.57	-0.51	-2.05	-0.08	-1.15	-0.04	 	-2.53	-0.02	0.38	0.36	0.25	0.04	-0.25
65888.00	3.00	1.00	0.00	0.21	0.32	-0.10	1.07	-0.58	-0.76	-0.11	0.04	1.27	0.72	0.93	 	1.88	0.89	-2.99	-2.63	0.75	1.62	0.83	0.75
42943.00	4.00	1.00	1.00	-0.18	-0.17	0.23	-1.25	0.70	0.78	-1.08	-0.87	0.94	 	-2.46	-0.31	1.34	1.21	0.06	-0.51	-1.78	-3.25	-2.52	-1.78
69988.00	1.00	0.00	0.00	-1.31	-1.13	-0.29	-0.36	0.18	0.01	-1.57	-0.77	 	-0.06	-0.43	-0.15	-3.39	-1.34	-0.44	-0.17	0.43	-0.90	-1.78	0.34
97121.00	1.00	0.00	0.00	-0.01	1.26	-0.34	-0.89	-0.58	-0.76	1.36	 	-0.03	0.67	-0.89	0.31	0.85	0.19	0.86	1.02	-0.22	-0.09	-0.26	0.46
49160.00	3.00	1.00	0.00	0.93	0.15	-0.04	-0.18	 	0.01	-1.08	 	0.39	1.08	0.45	-1.82	0.20	0.25	-0.48	-0.81	0.20	-0.87	-0.49	0.75
82305.00	1.00	0.00	0.00	 	 	 	-1.43	1.45	-0.76	0.38	-0.70	1.14	-1.52	-1.44	-0.21	0.38	0.98	-0.72	-0.51	-0.60	-0.62	-1.39	-1.68
12120.00	1.00	0.00	0.00	 	 	 	0.18	0.10	0.01	0.38	-1.10	-0.73	0.19	0.39	0.95	-0.92	-0.78	1.23	0.87	-0.84	1.40	0.08	0.19
13230.00	1.00	0.00	0.00	 	 	 	-0.71	0.78	0.01	-0.11	0.05	0.29	0.48	0.06	0.36	0.56	0.49	-0.04	0.40	0.07	-0.07	0.13	-0.08
14369.00	1.00	0.00	0.00	 	 	 	0.72	-1.25	0.01	-0.59	0.03	0.19	0.21	0.71	-0.91	-0.48	0.86	0.05	0.65	0.51	-1.43	-0.76	-0.33
31013.00	1.00	0.00	0.00	 	 	 	-0.36	0.78	0.78	-1.08	0.43	0.21	0.43	-1.62	0.74	-0.12	-0.72	1.24	0.63	0.61	0.40	-0.57	0.65
43910.00	1.00	0.00	0.00	 	 	 	0.00	-0.58	0.78	1.84	-0.33	-0.66	0.00	0.22	0.01	0.47	-2.77	1.36	0.16	0.22	0.22	0.14	0.29
45892.00	1.00	0.00	0.00	 	 	 	0.36	0.10	0.01	1.36	-1.39	0.58	-0.83	-2.64	-0.47	0.52	0.24	0.50	-0.43	-0.63	-0.52	-2.47	-0.39
58927.00	1.00	0.00	0.00	 	 	 	0.72	-1.25	0.78	0.87	0.11	-0.78	-0.27	1.09	-2.33	-0.57	0.25	-0.35	-1.73	0.51	0.63	1.42	0.57
67325.00	1.00	0.00	0.00	 	 	 	-0.18	0.10	0.01	-0.11	-0.41	-0.57	0.47	-0.04	0.71	-0.68	0.31	0.06	0.77	0.22	-0.35	-0.86	0.98
67393.00	1.00	0.00	0.00	 	 	 	-0.18	0.10	0.01	1.36	-0.65	-0.14	-0.15	-0.10	1.04	-0.03	-0.41	-1.15	0.61	-1.06	1.65	1.04	0.41
78086.00	1.00	0.00	0.00	 	 	 	0.72	0.10	-0.76	0.87	1.12	-3.36	1.17	0.06	-1.23	-0.69	-2.81	0.18	-1.36	1.00	0.42	0.11	1.00
79943.00	1.00	0.00	0.00	 	 	 	0.36	0.10	0.01	1.36	0.04	1.14	0.43	0.61	0.21	0.92	1.18	0.39	0.51	0.46	0.95	0.93	-0.05
86535.00	1.00	0.00	0.00	 	 	 	-1.43	1.45	-0.76	-0.59	-1.17	0.26	-0.18	1.19	0.38	0.18	0.68	0.03	1.06	-0.22	0.76	1.11	0.40
93254.00	1.00	0.00	0.00	 	 	 	0.00	0.10	-1.53	0.87	-1.02	-0.53	-0.39	0.59	-0.01	-1.09	-1.24	-0.23	0.50	-0.61	1.38	0.99	-0.85
65616.00	2.00	0.00	1.00	 	 	 	-1.43	1.00	-4.62	-0.59	-0.63	0.77	0.42	0.40	1.69	0.43	0.80	0.82	1.08	0.71	0.23	0.06	0.11
31790.00	3.00	1.00	0.00	 	 	 	0.72	0.78	-0.76	0.87	-0.90	0.72	0.95	-0.78	0.70	0.44	0.65	0.44	1.14	0.71	-0.32	-0.86	-0.61
50830.00	3.00	1.00	0.00	 	 	 	-0.54	0.40	0.78	0.38	-0.64	0.98	-0.05	0.63	0.99	1.20	1.40	0.66	0.66	0.12	-0.85	-0.42	-0.22
97171.00	3.00	1.00	0.00	 	 	 	-0.71	1.45	1.55	-1.08	-0.43	0.80	0.02	-0.07	-1.00	0.63	0.85	0.22	-0.44	1.59	-0.30	-0.18	-0.05
99834.00	3.00	1.00	0.00	 	 	 	-0.89	 	-1.53	0.87	0.81	0.71	0.33	-0.28	0.65	0.38	0.79	-0.72	-0.82	-0.27	-1.08	-0.93	0.17
12705.00	3.00	1.00	0.00	 	 	 	-1.07	0.78	-1.53	-1.08	-0.36	0.36	-0.52	0.59	-0.46	-0.88	0.66	-0.40	-1.81	-0.35	1.22	1.45	-1.73
13331.00	3.00	1.00	0.00	 	 	 	0.72	-1.25	1.55	-0.59	1.67	0.42	0.37	-0.45	-1.73	0.57	0.83	0.62	-1.03	0.03	0.13	-0.14	0.16
23064.00	3.00	1.00	0.00	 	 	 	0.00	0.10	0.78	-0.59	-1.76	0.60	0.89	0.07	-0.61	-1.96	-1.22	-2.07	-1.08	0.39	-0.44	0.20	0.98
23232.00	3.00	1.00	0.00	 	 	 	1.61	-1.93	-0.76	1.36	-0.25	1.02	-1.55	-2.67	-0.15	0.17	1.08	-0.73	-0.47	-2.59	-2.09	-2.61	-1.76
32952.00	3.00	1.00	0.00	 	 	 	-0.71	1.45	0.78	0.87	-1.81	0.19	0.62	1.52	1.15	0.08	0.43	0.64	1.16	0.55	1.65	1.15	0.95
46550.00	3.00	1.00	0.00	 	 	 	-0.36	0.10	-0.76	-0.11	-1.26	0.31	0.18	-0.23	0.58	0.36	0.52	-0.39	-0.03	0.66	-1.14	-0.28	0.66
51363.00	3.00	1.00	0.00	 	 	 	-0.54	0.78	0.78	-1.08	1.01	-0.01	0.63	0.34	-0.78	-1.04	-0.11	1.21	0.53	0.59	1.16	0.67	-0.62
54982.00	3.00	1.00	0.00	 	 	 	-1.07	1.45	1.55	0.38	0.66	0.35	-0.10	0.22	1.98	0.71	0.45	1.58	1.80	-0.50	-0.33	0.37	-0.19
58925.00	3.00	1.00	0.00	 	 	 	-0.36	0.78	-0.76	0.87	-0.07	0.30	0.25	-1.50	-0.90	0.25	0.28	-0.98	0.24	-0.37	-0.88	-0.63	0.75
68987.00	3.00	1.00	0.00	 	 	 	0.36	0.10	0.01	1.84	0.20	0.72	0.25	-1.08	0.60	0.26	0.31	0.97	1.01	-0.05	-0.62	-1.78	0.05
69637.00	3.00	1.00	0.00	 	 	 	-0.54	0.78	0.01	-0.59	-1.86	0.17	-0.22	-0.27	0.03	0.42	-0.12	-0.82	-0.49	0.66	0.13	1.00	0.07
80050.00	3.00	1.00	0.00	 	 	 	-0.18	0.10	0.78	-0.11	0.54	-0.63	-0.13	0.97	1.33	-0.94	-0.14	0.73	1.31	0.45	-0.22	0.36	-0.51
84114.00	3.00	1.00	0.00	 	 	 	0.00	-0.58	0.01	-0.11	-0.59	0.20	0.76	1.70	0.16	0.38	0.07	-0.58	-0.63	-0.55	1.02	0.87	0.59
87086.00	3.00	1.00	0.00	 	 	 	-1.25	0.78	-1.53	-0.59	-0.73	0.11	0.15	-0.47	0.01	0.29	0.64	1.00	-0.23	-0.35	0.64	0.39	0.85
35424.00	4.00	1.00	1.00	 	 	 	-0.89	1.45	0.01	0.87	0.69	0.09	-0.53	0.52	-0.03	0.49	0.69	-2.08	0.44	-1.81	0.92	0.37	-1.66
38827.00	4.00	1.00	1.00	 	 	 	 	 	 	 	0.86	0.46	0.65	0.88	0.81	0.07	0.14	0.81	1.06	0.55	1.09	0.86	1.04
23682.00	4.00	1.00	1.00	 	 	 	-1.25	-1.03	0.78	0.87	0.27	0.96	0.31	0.19	-0.50	1.31	1.01	-0.59	0.40	0.62	0.15	0.38	-0.07
48786.00	3.00	1.00	0.00	1.91	 	 	-0.36	0.10	1.55	1.36	-1.85	-0.80	0.23	0.31	-0.81	0.47	0.73	-1.38	-0.98	0.02	0.57	0.05	0.38
33013.00	4.00	1.00	1.00	0.25	 	 	-0.36	-0.35	-1.53	-1.08	0.09	0.40	0.58	0.21	1.82	-0.23	0.20	0.93	0.52	0.49	-0.23	0.32	0.72
45957.00	1.00	0.00	0.00	 	-0.03	 	-1.43	 	1.55	1.36	-0.46	-0.22	0.45	-0.22	1.12	-0.18	0.04	0.32	1.09	0.30	1.08	0.14	0.24
70471.00	2.00	0.00	1.00	1.05	1.05	 	-1.07	1.38	0.01	1.84	-0.02	0.24	-1.14	-0.99	-0.90	0.26	0.52	-0.32	-0.49	-0.86	-2.40	-1.95	-0.88
87460.00	3.00	1.00	0.00	0.48	0.46	 	0.18	0.10	1.55	1.36	-0.07	0.48	0.50	0.95	-0.14	-0.28	-0.22	-0.24	0.59	0.65	1.52	1.35	0.25
11020.00	4.00	1.00	1.00	0.94	0.38	 	0.36	-0.05	-0.76	-1.57	-0.09	0.49	-0.01	0.51	-1.62	-0.32	0.25	0.75	-0.90	1.00	1.89	0.57	0.99
64010.00	1.00	0.00	0.00	 	 	0.86	-0.89	1.08	 	-1.57	0.66	0.77	1.10	1.11	1.04	0.36	0.39	-0.66	-0.77	0.78	0.40	0.41	1.27
33678.00	3.00	1.00	0.00	0.21	 	2.09	-1.43	1.45	0.78	0.87	0.31	0.07	-0.32	0.93	0.24	0.52	-0.19	0.78	1.17	0.11	0.04	-0.02	-0.16
99146.00	3.00	1.00	0.00	 	 	2.27	0.00	0.10	-1.53	-1.08	-0.69	-1.19	-1.33	1.16	-1.05	0.65	-0.48	-0.43	-0.46	0.63	1.92	1.03	0.51
46702.00	2.00	0.00	1.00	1.18	 	2.98	-0.36	0.85	0.01	0.87	-0.42	1.24	0.88	-0.74	-1.13	1.23	0.81	-0.32	-0.74	0.80	-0.82	-1.04	0.83
10499.00	2.00	0.00	1.00	 	0.42	2.13	-1.43	0.03	-0.76	0.38	-0.16	0.70	0.82	0.84	1.30	0.36	0.34	0.98	0.92	-0.13	-0.16	1.01	0.33
13530.00	1.00	0.00	0.00	0.21	0.91	-0.50	1.61	-2.60	0.01	0.38	-0.14	0.37	-0.20	-0.01	1.65	0.02	0.58	0.97	1.86	0.46	-0.72	0.31	0.18
16541.00	1.00	0.00	0.00	-0.18	-0.46	-1.15	0.54	 	0.01	0.87	0.52	0.40	0.69	1.15	-1.19	0.11	0.46	-1.71	-2.75	-1.06	0.40	1.35	0.88
18727.00	1.00	0.00	0.00	0.39	-1.57	-1.09	1.25	-1.25	0.01	1.36	0.63	0.75	0.59	-0.81	0.57	1.42	0.80	0.57	1.08	1.44	0.27	-0.78	0.91
27062.00	1.00	0.00	0.00	0.59	0.08	-0.16	-0.18	0.10	0.78	0.87	-0.26	0.27	0.21	-1.97	0.25	0.80	-0.57	0.64	0.00	0.30	-2.50	-1.45	0.55
29018.00	1.00	0.00	0.00	1.97	1.59	-0.43	-0.54	 	-0.76	0.87	1.37	1.16	0.51	-0.71	-2.86	0.97	0.82	-1.18	-1.03	1.09	-0.89	-0.74	0.81
39604.00	1.00	0.00	0.00	-0.29	-0.46	0.36	0.00	-0.58	0.78	0.87	-0.04	0.65	0.35	1.29	-0.82	0.77	0.62	0.58	-0.93	0.30	-0.55	1.04	0.76
39765.00	1.00	0.00	0.00	-0.70	0.10	-0.92	0.72	-1.25	0.01	1.36	0.19	-1.31	-1.05	1.89	-1.51	-0.15	-0.77	0.28	-0.81	-0.18	0.81	0.80	-1.56
50816.00	1.00	0.00	0.00	1.55	0.47	0.23	0.54	-0.58	0.01	-0.11	-0.16	1.23	1.28	1.57	-0.29	0.33	1.07	0.99	0.25	-0.20	0.36	0.63	0.82
51880.00	1.00	0.00	0.00	0.86	1.08	1.48	0.72	-0.58	0.01	-0.11	1.67	0.64	0.62	0.76	-0.07	-1.49	0.00	-0.39	0.47	0.50	-0.10	0.07	0.05
56290.00	1.00	0.00	0.00	0.90	0.30	-0.38	-0.71	0.10	-4.62	-0.11	0.53	0.38	0.74	0.41	-0.05	-0.50	0.50	-1.53	-0.16	0.35	-0.50	0.29	0.54
58041.00	1.00	0.00	0.00	0.36	1.16	1.08	1.25	-0.58	0.01	-0.11	0.58	-0.97	-0.51	-1.59	-0.40	-0.63	-0.88	-0.02	0.16	-0.20	-1.43	-2.10	-0.36
59565.00	1.00	0.00	0.00	-0.86	0.01	0.25	1.07	-1.93	-0.76	-1.08	-2.10	-1.43	0.48	0.00	1.72	0.08	-0.98	1.13	1.32	0.69	0.76	0.48	1.32
60428.00	1.00	0.00	0.00	0.08	-0.87	0.60	0.00	-1.93	-0.76	1.84	-1.27	-1.50	0.53	0.43	0.48	0.68	0.12	0.93	0.36	-0.03	0.17	-0.81	-0.12
62977.00	1.00	0.00	0.00	1.12	0.03	-0.15	-0.36	0.10	-0.76	-0.11	0.91	-0.73	0.54	-0.02	-0.78	-2.10	-0.63	-0.79	-0.22	1.06	-1.08	-0.35	0.94
63083.00	1.00	0.00	0.00	0.21	0.32	-0.10	0.72	0.10	1.55	-1.08	1.65	-0.95	-0.32	-0.29	0.83	-0.82	0.22	-0.11	0.77	-0.34	-0.30	-0.58	-0.13
69726.00	1.00	0.00	0.00	0.21	0.73	1.36	-0.89	0.78	0.78	-0.59	2.24	-0.68	0.61	0.63	0.55	-0.48	-0.07	0.21	1.09	1.26	0.97	0.82	1.25
71275.00	1.00	0.00	0.00	-0.72	-1.53	-0.52	-0.89	0.78	0.78	1.36	1.85	-0.82	-1.10	-2.71	1.05	-1.03	-0.73	0.28	1.07	-0.24	-0.91	-1.75	-0.38
76472.00	1.00	0.00	0.00	-1.02	-0.59	-0.04	-0.71	0.78	0.01	-1.08	0.84	-0.73	0.16	0.19	0.08	-1.80	-0.58	1.30	0.66	-0.05	0.89	0.31	0.14
79918.00	1.00	0.00	0.00	-0.24	0.95	0.41	-0.54	 	0.01	1.36	-0.28	0.77	0.44	1.01	0.89	1.35	0.74	1.62	1.94	0.86	0.88	0.63	0.25
82807.00	1.00	0.00	0.00	-0.01	1.26	-0.34	-0.36	0.78	0.78	-1.08	1.10	0.08	0.62	0.12	0.05	0.24	0.81	-0.16	-0.13	0.51	1.11	0.46	0.54
86876.00	1.00	0.00	0.00	1.97	1.59	-0.43	1.61	-1.93	-1.53	0.38	1.26	-0.55	0.14	0.07	1.63	-1.03	0.37	1.30	1.34	0.78	1.11	0.45	0.80
95143.00	1.00	0.00	0.00	-1.02	-0.59	-0.04	0.36	-1.93	0.78	0.38	2.99	-0.55	0.03	0.84	0.59	-0.93	-0.96	1.49	1.07	-0.06	1.14	0.69	-0.03
95879.00	1.00	0.00	0.00	-0.71	-1.04	-0.83	1.79	-2.60	0.01	-1.08	-1.66	1.37	-0.63	-0.84	-0.12	1.34	1.28	0.08	0.19	-1.41	-1.48	-1.07	-1.28
11479.00	1.00	0.00	0.00	0.38	-0.65	0.79	 	-0.28	 	-1.57	-0.36	-1.06	-0.55	1.36	-0.62	0.35	-1.02	1.41	0.62	0.77	0.92	1.20	-1.60
12846.00	1.00	0.00	0.00	-0.01	1.26	-0.34	-1.43	0.63	0.01	0.38	0.43	1.25	-0.15	-0.25	1.31	0.77	1.60	1.72	1.38	-0.34	-0.09	-0.31	-0.95
16172.00	1.00	0.00	0.00	0.66	-0.26	0.86	-0.71	0.48	0.01	0.87	-0.34	-0.21	0.33	-1.03	-0.32	-0.17	0.09	0.31	0.33	-0.02	-0.37	-1.59	0.23
17873.00	1.00	0.00	0.00	2.00	0.88	0.53	-0.89	0.33	0.01	-1.57	0.46	0.24	0.73	-0.02	0.47	0.81	0.69	0.07	0.58	0.00	1.04	0.05	0.99
19845.00	1.00	0.00	0.00	-0.98	-1.10	-0.82	0.18	0.18	0.78	-1.08	0.20	-0.24	-0.10	0.20	0.55	-0.06	-2.07	0.10	0.30	0.78	-0.89	0.18	0.00
22578.00	1.00	0.00	0.00	-1.26	0.63	-0.09	-0.89	0.40	0.78	-0.59	0.30	-0.07	0.87	0.16	0.05	0.67	0.44	0.45	0.75	0.56	-1.01	-0.37	0.51
25282.00	1.00	0.00	0.00	0.80	0.16	2.31	-1.43	0.70	-0.76	1.84	-0.21	-0.50	0.22	0.01	-0.78	-0.41	-0.71	-0.17	-1.17	-0.63	-0.31	-1.53	0.61
26320.00	1.00	0.00	0.00	0.22	0.08	-0.41	-0.54	 	-2.31	-1.08	-0.01	0.50	0.37	0.14	-1.71	0.25	0.18	0.14	-0.53	-1.24	0.38	0.38	-0.15
27536.00	1.00	0.00	0.00	0.38	-0.65	0.79	-1.07	 	0.01	0.87	-0.21	-0.24	-2.62	-2.79	-0.81	0.63	0.13	-0.80	0.16	0.07	-2.79	-3.24	-2.47
27669.00	1.00	0.00	0.00	0.47	-0.64	0.33	-1.43	0.33	-1.53	0.87	-1.28	-1.84	-1.11	-0.92	-0.42	-1.73	-1.07	-1.73	-1.20	-1.07	-0.09	-1.17	-1.36
28187.00	1.00	0.00	0.00	-0.54	-1.24	-1.22	-0.89	0.25	-0.76	1.84	0.12	0.14	0.24	1.21	0.45	0.52	0.59	1.25	1.53	-1.17	1.54	1.55	-0.31
30833.00	1.00	0.00	0.00	0.01	-0.76	-1.45	-0.36	-0.20	-0.76	-0.59	-0.14	1.25	0.49	-0.84	-0.64	0.89	1.24	-0.18	-0.12	0.85	0.03	-0.46	0.74
33347.00	1.00	0.00	0.00	0.08	-0.87	0.60	0.18	0.10	-1.53	-1.57	-0.84	-0.12	0.10	0.15	0.04	0.21	-0.66	-0.62	0.11	-0.13	-0.59	-0.32	-2.19
34945.00	1.00	0.00	0.00	-0.13	-1.34	-0.66	-0.71	1.00	0.01	-1.57	-1.28	0.29	-0.86	0.90	-1.53	-0.01	-0.71	0.04	-1.38	0.83	1.16	1.26	0.17
37995.00	1.00	0.00	0.00	-0.01	1.26	-0.34	-0.71	0.33	-0.76	-1.08	-0.39	-0.34	-1.04	-0.98	0.38	-0.51	-0.41	-0.24	0.01	-1.13	-1.17	-1.01	-3.27
41585.00	1.00	0.00	0.00	2.57	0.08	1.46	-0.71	1.15	0.78	0.87	-0.79	0.75	-1.39	0.48	-0.17	-0.76	0.07	-3.37	-0.05	0.03	-0.28	0.07	-2.14
41809.00	1.00	0.00	0.00	0.50	-0.23	-0.35	-1.43	0.18	0.78	1.84	-0.47	0.45	0.03	0.38	0.32	-0.72	-1.77	1.47	0.04	-0.40	-0.11	-0.13	-0.03
45239.00	1.00	0.00	0.00	0.90	0.74	-0.07	-0.89	-1.40	-0.76	-1.08	0.11	1.09	-0.11	-0.93	0.92	-0.08	0.97	-0.64	-0.02	1.14	-1.42	0.15	-1.24
46617.00	1.00	0.00	0.00	-0.78	-1.07	-1.12	0.72	-0.43	-0.76	-0.59	0.02	0.94	0.50	0.74	-0.33	0.13	0.65	-0.06	-0.84	0.06	0.45	0.76	1.01
47505.00	1.00	0.00	0.00	0.57	-0.71	-1.15	-1.43	-0.13	0.01	1.36	0.27	0.99	0.63	0.32	-2.12	0.47	0.73	-2.32	-3.25	0.58	0.44	0.59	-0.33
48227.00	1.00	0.00	0.00	-1.34	-0.94	-0.57	-1.43	1.00	0.01	0.87	-0.07	0.08	0.36	0.60	-1.38	0.03	0.15	0.76	-0.02	0.83	0.28	0.74	0.24
50812.00	1.00	0.00	0.00	0.21	0.32	-0.10	-1.07	-0.65	-0.76	0.87	-0.35	0.74	-0.51	0.06	0.37	0.74	0.77	-0.41	-0.29	-1.07	-0.03	-0.46	-1.53
52740.00	1.00	0.00	0.00	-0.68	0.75	-0.44	-0.36	0.55	-0.76	-1.57	-0.08	-0.86	0.67	0.31	0.21	-1.06	-0.70	-0.65	0.30	0.40	-0.19	-0.38	0.16
56942.00	1.00	0.00	0.00	0.21	0.32	-0.10	-0.71	0.33	-3.08	1.36	-0.01	-0.96	0.31	0.12	0.83	-0.83	-2.14	0.55	0.75	0.82	-0.01	0.30	1.01
67087.00	1.00	0.00	0.00	-0.66	0.86	-0.53	-1.25	0.10	0.01	-1.08	-0.54	-1.65	-0.74	0.89	0.80	-0.27	-2.17	0.66	0.10	-0.35	0.79	0.97	-0.86
67805.00	1.00	0.00	0.00	-1.17	-1.13	-0.86	-0.54	-1.03	-0.76	1.84	-0.97	-0.02	-1.92	-0.67	0.42	-0.23	-0.36	0.52	0.15	0.25	-1.11	-0.46	-3.38
68520.00	1.00	0.00	0.00	-0.21	-1.21	-1.10	-1.43	0.10	-1.53	-1.57	1.29	0.36	-0.44	0.01	-1.44	0.64	-0.71	-0.72	-2.46	-0.09	-0.68	-0.98	-0.17
72895.00	1.00	0.00	0.00	0.24	-0.39	-0.04	1.25	-1.55	0.78	0.38	1.31	0.47	0.34	0.29	1.61	0.56	0.12	1.13	1.52	1.62	0.53	0.76	1.15
76186.00	1.00	0.00	0.00	-0.49	-0.37	1.51	-1.43	0.55	1.55	-0.59	0.65	0.22	0.55	-0.95	0.12	-0.08	0.20	-1.09	0.23	0.34	-0.24	-2.05	0.81
78746.00	1.00	0.00	0.00	-0.18	-0.17	0.23	-0.54	0.18	-0.76	-1.57	-0.45	-1.14	-0.12	0.48	0.26	-0.80	-1.40	-1.25	-0.69	-0.62	0.26	0.16	-0.34
83696.00	1.00	0.00	0.00	1.16	0.03	0.46	-0.36	1.45	0.01	-0.11	-0.72	0.22	0.13	-0.94	0.98	1.32	0.70	0.06	0.54	-0.30	-0.80	-1.30	0.49
86994.00	1.00	0.00	0.00	-0.74	-0.94	-0.39	-0.18	0.33	0.78	0.87	-0.12	0.34	-0.63	1.09	0.56	0.08	-0.24	1.31	1.52	-1.88	-0.43	1.34	-0.47
87188.00	1.00	0.00	0.00	-2.02	-0.51	-0.96	0.18	0.10	0.01	-0.11	-1.14	0.58	0.04	0.72	-3.44	1.06	0.69	-0.49	-2.32	-0.56	-0.31	1.27	0.16
90121.00	1.00	0.00	0.00	-0.05	0.61	-0.81	-1.43	-0.13	-0.76	-1.57	0.27	-0.22	0.28	0.81	-0.51	0.24	-2.36	-0.53	-0.66	-0.35	-0.85	-0.19	-0.05
91765.00	1.00	0.00	0.00	-2.29	-1.06	0.88	0.54	-0.65	-0.76	0.38	-1.18	-0.06	0.55	0.97	0.85	-0.03	-0.13	-0.11	0.43	0.89	-0.36	1.05	0.06
91881.00	1.00	0.00	0.00	-0.18	-0.17	0.23	-0.89	1.23	0.01	0.87	0.38	1.33	1.06	0.68	-1.11	0.33	0.74	0.17	0.04	0.18	0.40	-0.21	0.54
94564.00	1.00	0.00	0.00	-2.02	-0.51	-0.96	 	 	 	 	0.99	-0.24	-0.15	0.32	0.70	0.46	0.07	-0.56	0.60	-0.62	0.88	-0.63	0.62
12625.00	1.00	0.00	0.00	-0.01	0.43	-0.99	-0.18	-0.58	-0.76	1.84	0.79	0.40	-0.23	1.01	-0.81	0.32	0.31	1.45	-2.68	0.91	0.64	0.47	0.56
15311.00	1.00	0.00	0.00	-0.84	0.09	-0.25	-0.54	0.78	0.78	1.36	-0.53	-1.58	0.16	0.21	-1.09	-1.48	-0.39	0.06	-0.74	0.81	1.05	0.08	0.46
18035.00	1.00	0.00	0.00	-0.01	1.26	-0.34	-0.18	-0.58	-1.53	0.87	-0.84	1.28	-0.36	-0.44	0.66	0.97	0.96	0.21	1.06	0.90	-0.75	-0.41	1.08
23500.00	1.00	0.00	0.00	-0.20	0.21	0.24	0.90	0.10	-1.53	-1.08	0.13	0.45	0.14	1.15	1.45	0.81	0.01	-0.75	1.54	0.45	0.49	0.92	-0.03
35004.00	1.00	0.00	0.00	-0.03	-0.15	0.14	-0.36	0.10	0.01	-1.08	0.36	0.34	-0.15	1.30	0.19	1.00	-0.40	-0.66	-0.21	-1.00	0.83	1.25	-0.91
39941.00	1.00	0.00	0.00	-0.29	-0.46	0.36	-0.54	0.10	0.78	-1.08	0.04	-0.33	-0.12	0.81	-0.11	-0.26	-0.57	1.07	0.08	0.50	1.15	0.67	-0.33
40260.00	1.00	0.00	0.00	-0.80	0.15	-1.18	-0.89	0.10	0.78	-0.59	-0.38	1.08	-0.39	0.63	0.92	-1.10	0.02	-0.07	-0.66	0.53	0.30	0.47	-1.11
40972.00	1.00	0.00	0.00	-0.16	-0.38	0.82	-1.25	1.45	0.01	-0.59	0.48	-1.13	0.33	-1.28	-1.05	-1.65	-1.15	-0.04	-0.86	-2.55	-0.47	-0.49	0.63
42217.00	1.00	0.00	0.00	1.97	1.59	-0.43	0.36	-0.58	0.01	0.87	-2.19	0.74	0.74	-0.17	1.91	0.20	0.42	1.79	0.93	1.05	-0.69	0.01	0.96
46362.00	1.00	0.00	0.00	0.33	0.99	-0.75	0.72	0.10	0.01	-0.11	-1.37	-2.80	-0.13	-2.08	0.12	-1.11	-1.25	-0.08	-0.22	-0.66	-1.16	-1.89	-0.75
47183.00	1.00	0.00	0.00	-2.20	-0.66	0.79	-0.89	-0.58	1.55	-0.11	-0.62	0.97	0.88	0.12	-0.62	-0.37	-0.26	0.08	-0.46	0.60	0.31	-0.26	0.80
56817.00	1.00	0.00	0.00	1.97	1.59	-0.43	-0.18	0.10	0.01	0.87	-0.26	0.08	0.50	1.27	0.11	-0.05	-0.15	0.74	0.73	-0.11	0.85	1.09	0.47
58647.00	1.00	0.00	0.00	-0.19	0.09	0.31	-0.89	1.45	-0.76	-0.11	-0.33	0.62	-0.37	-0.50	0.25	1.46	0.92	-0.58	0.94	-0.67	-2.01	-0.16	-0.69
61341.00	1.00	0.00	0.00	0.23	-0.84	-0.65	0.00	0.10	-1.53	-1.08	-0.33	1.33	0.41	0.97	0.16	0.13	0.85	0.40	-1.28	-0.41	-0.51	0.18	0.35
63184.00	1.00	0.00	0.00	-0.01	1.26	-0.34	1.43	-1.93	0.01	1.36	0.12	-0.06	0.28	0.86	1.47	-0.99	-0.37	1.68	1.92	-0.13	0.75	1.05	-0.33
68498.00	1.00	0.00	0.00	0.21	0.32	-0.10	0.72	-0.58	0.78	-0.59	0.36	1.14	-1.02	-1.31	1.03	0.33	1.06	0.25	0.10	-1.71	-0.84	-0.97	-1.83
69189.00	1.00	0.00	0.00	1.50	-0.73	0.24	-0.18	0.78	0.78	-0.59	-0.20	-0.74	-0.21	0.45	-0.85	-0.73	-0.20	-0.14	-0.55	-0.55	1.46	0.90	-0.74
69742.00	1.00	0.00	0.00	0.00	0.76	1.68	-1.07	1.45	-0.76	1.36	-0.70	0.41	0.32	0.60	-0.35	0.58	0.85	1.05	0.70	0.77	-0.09	0.48	0.08
69875.00	1.00	0.00	0.00	-0.16	0.48	0.40	1.25	-2.60	0.01	-0.59	1.09	-0.78	0.50	0.00	0.83	0.05	0.34	1.04	0.41	0.99	1.33	0.55	1.28
74632.00	1.00	0.00	0.00	-1.12	-1.20	-0.61	0.54	0.10	-0.76	0.38	-0.10	-1.08	0.42	0.20	0.82	-0.22	0.16	0.50	0.68	0.79	0.47	0.29	1.30
76317.00	1.00	0.00	0.00	1.45	0.66	0.81	-0.36	0.78	0.78	1.36	-0.74	1.19	-2.29	-1.77	-1.44	1.14	0.65	-2.02	-1.99	-1.77	-1.48	-1.10	-3.40
78778.00	1.00	0.00	0.00	-1.46	0.79	0.09	-1.25	0.78	-0.76	0.38	-1.11	0.85	0.13	-1.29	0.85	0.41	0.18	0.48	0.76	-0.10	-0.34	-1.24	0.14
82836.00	1.00	0.00	0.00	1.15	1.03	0.96	-0.71	0.10	0.01	1.36	-0.16	0.68	-0.78	-0.02	-0.30	0.56	0.73	0.63	-0.71	-0.94	0.97	-0.04	-1.03
83559.00	1.00	0.00	0.00	0.12	-0.79	-0.05	0.72	-0.58	0.78	0.38	-0.01	-0.26	-1.38	1.59	0.88	0.31	-0.04	0.35	0.42	-0.42	1.07	1.31	-0.14
84339.00	1.00	0.00	0.00	1.63	-0.24	0.23	-0.89	0.10	1.55	1.36	-0.10	0.33	0.54	1.27	0.32	0.01	0.62	-0.13	0.62	0.13	0.07	0.45	0.47
87398.00	1.00	0.00	0.00	-2.02	-0.51	-0.96	0.90	-0.58	0.01	1.84	-0.51	0.61	0.83	1.28	-0.67	0.72	0.58	-1.73	-2.34	0.64	0.37	1.51	0.37
92710.00	1.00	0.00	0.00	0.91	1.26	0.75	-1.43	1.45	0.01	-1.08	0.52	-0.30	-0.56	0.13	1.41	0.41	-1.06	1.63	1.27	0.23	0.31	-0.31	0.34
20107.00	2.00	0.00	1.00	-1.88	-0.66	-0.36	1.79	-2.60	-0.76	0.87	-0.95	0.48	0.03	0.19	-0.71	0.54	0.23	0.16	-0.23	0.96	1.16	0.86	0.76
21557.00	2.00	0.00	1.00	2.36	-0.47	0.76	0.00	 	0.01	0.87	-0.88	1.15	0.37	-0.04	0.11	0.31	1.05	0.14	-0.40	0.95	0.90	-0.03	0.38
21602.00	2.00	0.00	1.00	0.14	-0.09	1.47	0.00	0.10	0.78	0.87	0.27	-0.70	0.48	0.70	0.11	-0.82	-0.97	0.63	0.90	0.66	0.94	1.22	0.61
25521.00	2.00	0.00	1.00	0.21	-0.29	-0.34	-0.36	 	0.01	-0.59	0.58	0.81	0.86	-0.37	0.45	0.89	1.16	-0.75	0.19	0.16	0.15	-0.41	0.74
27863.00	2.00	0.00	1.00	-0.31	-0.21	-0.17	2.15	-2.60	0.78	-0.11	0.40	0.95	0.33	-0.52	-0.15	0.19	0.75	-0.92	-1.13	-0.13	-0.87	-0.87	0.57
30445.00	2.00	0.00	1.00	1.34	-0.19	0.52	-0.89	0.78	0.01	1.36	0.02	0.87	0.00	0.51	-0.16	-0.06	0.22	-1.75	-0.02	0.59	-2.32	0.12	0.16
30524.00	2.00	0.00	1.00	0.44	1.17	-0.12	0.00	0.78	0.01	-0.59	1.04	0.91	0.29	1.07	0.89	0.33	0.32	1.17	1.34	-0.75	0.62	1.02	-0.09
33859.00	2.00	0.00	1.00	-0.79	1.25	-0.19	0.18	0.78	0.01	0.87	1.53	0.85	0.65	0.20	1.14	0.41	-0.26	1.53	0.30	0.86	-0.24	-0.61	0.86
36608.00	2.00	0.00	1.00	0.21	0.32	-0.10	0.54	-1.25	0.78	1.84	1.46	0.17	-0.08	-1.51	0.23	0.47	0.48	-2.62	-0.50	-0.31	-3.05	-1.24	-0.02
46151.00	2.00	0.00	1.00	0.21	0.32	-0.10	1.97	-1.93	0.01	-0.11	1.93	-0.15	0.82	-0.95	-1.55	0.26	-1.09	-0.48	-0.63	1.17	-0.62	-1.07	1.31
47476.00	2.00	0.00	1.00	0.57	-0.71	-1.15	2.33	-2.60	-0.76	1.36	0.18	-0.80	0.21	-1.95	1.78	0.25	0.36	1.18	1.44	-0.20	-1.25	-1.07	-1.20
47913.00	2.00	0.00	1.00	1.65	-0.13	-0.85	1.07	-1.25	0.78	0.38	-0.26	-1.65	-0.33	1.10	0.87	0.87	-0.18	0.43	0.95	-2.12	1.54	0.75	0.45
48221.00	2.00	0.00	1.00	-0.01	1.26	-0.34	0.00	-0.58	0.01	1.36	-0.59	0.93	0.93	-1.05	-0.36	0.62	0.30	0.28	-0.52	0.03	1.10	-0.86	0.95
52086.00	2.00	0.00	1.00	-0.01	1.26	-0.34	0.00	1.45	0.78	0.87	1.10	-2.64	-0.42	-1.54	-0.53	-1.66	-0.82	-0.03	-0.16	-1.29	-1.27	-1.59	-1.75
52495.00	2.00	0.00	1.00	-0.29	-0.46	0.36	-0.18	-1.93	-0.76	0.38	-0.44	1.00	0.51	-0.43	0.75	-0.26	0.89	0.32	1.05	1.06	-0.26	0.99	1.09
64129.00	2.00	0.00	1.00	0.21	0.32	-0.10	3.40	-2.60	-0.76	-0.59	0.23	-1.21	-0.03	0.48	-0.91	-0.68	-1.40	-0.16	-0.29	0.17	0.39	0.52	-0.10
69494.00	2.00	0.00	1.00	1.12	0.03	-0.15	-0.54	0.10	1.55	-1.08	-0.95	-0.51	0.25	0.03	-0.47	-0.83	-1.53	-0.27	-0.34	-0.04	-0.20	-0.47	-0.17
75061.00	2.00	0.00	1.00	0.38	-0.65	0.79	-0.36	0.10	1.55	-0.59	0.50	-1.52	-1.14	0.82	-0.42	-0.17	-0.75	0.41	-1.54	-0.41	0.65	0.39	-1.41
75221.00	2.00	0.00	1.00	0.00	1.00	0.47	0.00	-2.60	-0.76	-1.08	0.74	-0.79	-0.77	1.23	0.05	0.31	-0.79	-0.61	-0.04	-0.20	-0.13	0.77	-0.18
81234.00	2.00	0.00	1.00	-1.26	0.63	-0.09	0.72	-0.58	-0.76	1.36	0.08	-1.41	0.66	-0.31	0.14	-1.00	-0.57	-0.94	-0.62	1.08	-0.35	-0.23	1.41
82848.00	2.00	0.00	1.00	0.10	-0.47	1.65	-0.89	1.45	0.78	0.87	-0.09	-1.38	-0.90	1.32	-0.78	0.43	-1.86	0.58	-1.73	-0.35	0.74	0.48	-1.99
88179.00	2.00	0.00	1.00	0.93	-0.44	-0.27	1.07	-1.25	-0.76	1.84	-1.03	0.80	0.35	-0.03	0.22	1.04	1.08	1.50	0.98	-1.73	0.92	0.56	-0.44
91861.00	2.00	0.00	1.00	-0.71	-1.13	0.03	0.36	-0.58	1.55	0.87	0.94	1.03	1.12	0.69	0.25	1.27	0.97	0.36	0.18	1.18	0.58	1.06	1.04
92982.00	2.00	0.00	1.00	-0.18	2.58	2.19	-1.25	0.78	0.78	-0.11	0.44	0.15	0.51	-1.06	-0.97	0.61	-0.09	1.35	1.19	1.17	-2.37	-1.68	0.82
99919.00	2.00	0.00	1.00	-0.20	-0.45	-0.41	1.43	-0.58	0.78	0.38	2.67	1.23	-1.14	-0.32	-0.28	0.69	1.19	0.07	0.64	-1.29	-0.91	-0.12	-1.03
16495.00	2.00	0.00	1.00	1.50	-0.73	0.24	-1.43	0.85	0.01	-1.08	-0.59	-0.75	0.02	0.37	-1.94	-0.94	-1.21	0.25	0.44	0.55	-2.60	-0.24	-0.86
16787.00	2.00	0.00	1.00	0.41	-0.29	0.15	-1.25	1.08	0.01	1.84	0.75	0.09	0.16	1.18	-0.97	-0.41	-0.38	-2.13	-1.43	0.20	1.44	0.85	-0.12
19706.00	2.00	0.00	1.00	0.38	-0.65	0.79	0.00	 	0.01	-0.59	0.86	0.20	-0.04	-0.47	0.77	-0.55	0.10	0.93	0.12	1.03	0.16	-0.15	0.49
20215.00	2.00	0.00	1.00	0.96	0.56	0.01	0.54	-0.05	0.01	0.38	0.05	-0.22	-0.06	0.22	0.36	-0.92	-0.39	0.60	0.99	0.52	-0.69	0.37	0.41
23074.00	2.00	0.00	1.00	0.34	-0.10	0.97	-1.43	0.63	0.01	0.38	-0.57	0.52	0.34	-2.12	1.67	0.21	-0.44	0.65	1.35	-0.26	-1.67	-1.10	-0.30
23185.00	2.00	0.00	1.00	0.21	0.32	-0.10	0.18	-0.20	-0.76	-1.57	-0.03	-1.70	-1.13	0.63	0.43	-0.35	-0.14	0.34	0.82	-1.01	-0.03	0.29	-0.15
23470.00	2.00	0.00	1.00	2.26	-0.31	1.06	-0.36	-0.05	0.01	0.87	-0.97	0.44	-0.47	1.34	-0.79	0.61	1.04	0.25	-0.94	-0.04	0.50	0.84	-0.44
37255.00	2.00	0.00	1.00	-0.19	-0.25	0.60	-1.07	-1.25	0.01	-1.57	-0.37	0.55	0.20	-0.42	-2.59	0.75	0.49	-1.06	-1.38	0.30	-0.87	-0.63	-0.34
39338.00	2.00	0.00	1.00	-0.76	0.65	0.75	0.72	1.38	-0.76	-0.59	-0.23	0.36	0.20	1.14	0.46	-0.13	-0.10	-1.32	-0.51	-0.07	0.50	0.44	0.71
43857.00	2.00	0.00	1.00	0.21	0.73	1.36	-0.71	1.00	0.01	0.38	0.52	-0.51	0.86	0.23	-0.31	-0.88	-0.38	-2.26	-1.00	0.17	-0.17	0.41	0.66
44619.00	2.00	0.00	1.00	1.97	1.59	-0.43	-0.71	1.23	0.78	-0.59	-0.25	0.03	-0.15	-1.11	-0.13	0.29	0.07	-0.43	-0.41	-0.37	-0.67	-0.49	-0.45
46077.00	2.00	0.00	1.00	-0.57	2.09	2.53	-1.43	0.55	0.78	0.87	-0.04	-0.72	0.49	1.00	0.65	-0.85	-0.73	0.30	0.26	0.15	-0.21	0.98	0.81
46420.00	2.00	0.00	1.00	-0.66	-0.26	-1.16	-0.54	0.25	0.01	-1.57	-0.18	-1.27	-0.23	0.59	-0.31	-0.14	-0.55	-0.72	-1.13	0.22	0.70	0.82	0.11
51156.00	2.00	0.00	1.00	0.27	-0.71	-1.50	-1.43	1.00	0.78	0.38	-0.50	0.97	0.27	0.40	0.50	1.03	1.01	0.88	0.38	0.15	0.66	0.53	0.37
59401.00	2.00	0.00	1.00	-0.70	0.10	-0.92	0.00	-0.28	0.01	-1.57	0.35	-1.41	-0.64	0.37	-1.28	-0.22	-0.23	1.08	-0.27	0.48	0.67	0.62	0.61
65278.00	2.00	0.00	1.00	-0.33	-1.36	-0.54	-1.43	1.38	1.55	0.38	0.44	0.63	0.06	1.15	2.38	0.51	0.48	0.86	1.42	0.15	0.00	0.83	-0.40
65699.00	2.00	0.00	1.00	-0.29	-0.46	0.36	-0.71	0.78	0.78	-1.08	0.82	-0.18	0.22	1.10	1.19	-0.22	-0.81	0.02	0.57	0.53	0.42	0.60	-0.25
66700.00	2.00	0.00	1.00	2.03	0.98	-0.61	-0.89	0.63	0.01	-0.11	-0.78	-0.45	1.01	0.62	-1.06	0.63	-0.27	-0.48	-1.94	1.30	0.38	0.26	1.20
66889.00	2.00	0.00	1.00	1.25	0.53	-0.44	-0.71	-0.43	-0.76	-1.57	-0.16	-1.44	-0.51	0.48	0.35	-1.07	-1.51	0.45	-0.28	0.02	0.56	0.46	-0.72
72174.00	2.00	0.00	1.00	0.63	0.18	0.26	-0.54	0.10	0.01	0.87	0.54	-1.19	-0.59	-1.24	0.35	0.31	-0.75	0.92	0.74	0.31	0.10	-0.59	-0.71
72931.00	2.00	0.00	1.00	-0.20	0.21	0.24	-1.43	1.45	0.01	0.38	0.02	-0.79	-0.34	0.15	0.21	0.29	-0.11	0.28	-0.08	0.04	0.60	0.34	-1.00
73995.00	2.00	0.00	1.00	-0.86	1.25	2.21	-1.43	0.25	0.01	1.36	0.42	0.19	-0.64	0.50	0.49	0.51	0.41	0.54	1.28	-0.70	0.30	0.01	0.16
74115.00	2.00	0.00	1.00	1.97	1.59	-0.43	-0.71	0.78	1.55	-0.11	-0.43	1.32	0.46	0.13	1.02	0.78	1.31	0.79	0.03	0.65	0.07	-0.18	0.57
75888.00	2.00	0.00	1.00	-1.39	-1.06	-0.28	-0.18	0.40	0.78	0.87	0.29	0.65	-0.80	0.66	-0.78	0.36	0.37	0.41	0.11	1.28	0.66	0.59	0.59
81682.00	2.00	0.00	1.00	-0.61	-1.30	-1.61	0.00	-0.50	0.01	1.36	-0.09	0.31	0.56	0.86	-1.74	0.18	0.16	-1.70	-1.70	0.93	0.37	-0.12	0.67
83796.00	2.00	0.00	1.00	0.07	1.31	-0.82	-1.43	0.48	0.78	0.87	-0.61	0.51	-0.89	-0.87	-0.74	-0.52	0.22	-0.24	-0.05	-1.01	0.11	-0.53	-1.50
84779.00	2.00	0.00	1.00	1.55	0.47	0.23	-1.43	1.38	0.78	-0.59	-0.88	1.64	0.73	0.53	0.26	0.95	1.32	0.69	1.09	0.58	0.27	0.34	1.08
89096.00	2.00	0.00	1.00	-0.01	1.26	-0.34	-1.07	0.78	0.01	1.36	-0.01	-0.06	0.24	0.36	0.64	-0.82	-1.62	-0.82	0.24	-0.32	0.75	0.07	-0.28
91418.00	2.00	0.00	1.00	0.28	-0.72	0.60	-1.43	-0.05	0.78	0.87	0.22	-1.36	0.78	0.32	1.39	-0.61	-1.74	0.92	1.09	0.29	0.16	-0.07	1.12
96869.00	2.00	0.00	1.00	-1.42	0.70	-0.38	1.43	-0.58	-0.76	-1.57	-0.10	1.22	0.95	0.49	-1.12	0.43	1.03	-1.74	-3.28	0.55	0.07	0.96	0.84
13155.00	3.00	1.00	0.00	-0.91	-1.06	-1.31	0.00	0.78	0.01	0.87	1.36	0.89	-0.06	-0.81	-1.94	0.90	1.07	-1.19	-2.44	-0.26	-0.60	-0.10	0.04
15420.00	3.00	1.00	0.00	-0.99	-1.18	-0.27	1.07	-2.60	0.78	-0.11	0.22	0.99	0.83	0.95	-1.20	0.28	1.17	-0.43	-2.25	0.51	-0.23	1.23	0.89
16411.00	3.00	1.00	0.00	0.16	1.16	1.20	-1.43	1.45	1.55	0.38	1.78	-0.56	-0.25	1.35	0.55	-0.49	0.23	-0.98	-0.08	0.08	1.16	1.41	0.02
25003.00	3.00	1.00	0.00	0.21	0.73	1.36	0.18	-1.93	1.55	-0.11	0.71	0.05	-0.60	0.20	-0.11	-0.08	0.44	-1.97	-1.39	-0.83	0.38	0.55	-0.16
25053.00	3.00	1.00	0.00	-1.22	0.62	-1.25	-1.43	1.45	1.55	-1.08	-0.44	0.73	0.49	-0.52	0.78	0.33	0.82	0.49	0.59	0.79	0.60	-0.39	0.59
25629.00	3.00	1.00	0.00	-0.01	1.26	-0.34	-0.36	0.10	-2.31	-1.08	-0.82	0.47	0.62	0.36	1.44	0.06	0.08	1.38	1.80	0.99	0.49	0.52	1.41
28271.00	3.00	1.00	0.00	0.21	0.32	-0.10	-0.36	0.10	0.78	-0.11	1.01	1.09	0.17	0.01	-1.01	0.59	1.49	-0.89	-0.19	0.14	0.50	0.24	0.55
31562.00	3.00	1.00	0.00	-0.93	-1.89	-0.14	-0.36	0.10	1.55	-0.59	2.62	-0.10	0.35	1.02	0.03	-0.16	-0.33	0.49	0.84	0.48	0.34	0.82	0.41
31813.00	3.00	1.00	0.00	-0.81	-0.15	0.17	-0.89	0.78	0.01	-0.59	1.70	-0.06	-0.51	1.04	0.13	-0.21	0.31	0.65	0.88	-0.43	1.13	-0.02	-0.54
34382.00	3.00	1.00	0.00	-1.17	-1.15	-0.83	-0.89	0.78	0.78	0.87	-2.38	-0.31	-0.17	0.85	1.03	0.25	-0.40	1.41	1.39	0.27	1.19	1.21	0.51
40210.00	3.00	1.00	0.00	-0.10	0.88	-0.49	0.72	-2.60	0.78	-1.08	-0.10	1.13	1.00	-0.99	-0.25	0.57	0.43	0.43	-0.80	0.89	-0.32	-0.67	1.16
53054.00	3.00	1.00	0.00	-0.86	0.01	0.25	0.36	0.10	0.01	-0.59	-2.29	1.99	0.60	-0.82	-1.98	0.76	0.86	-0.60	-0.94	0.35	0.17	0.68	0.49
53105.00	3.00	1.00	0.00	-0.86	0.44	-0.34	0.54	0.10	0.01	-0.59	-0.07	0.41	0.75	-1.19	-0.43	0.26	0.43	-2.04	-0.28	0.84	-0.72	-2.01	0.48
55414.00	3.00	1.00	0.00	-0.21	0.70	1.27	-0.71	 	0.78	-0.11	-0.16	1.34	0.06	-1.53	-1.48	1.11	0.82	0.52	0.09	0.26	-1.13	-1.20	0.18
56690.00	3.00	1.00	0.00	-0.16	-0.61	0.51	-0.18	 	-0.76	-0.59	0.68	1.06	0.17	-1.08	-0.01	0.54	0.61	0.75	0.20	-0.21	-0.27	-0.08	-0.04
70420.00	3.00	1.00	0.00	1.16	1.45	0.76	1.43	-1.93	0.78	-1.08	0.45	-0.64	0.36	1.16	1.22	0.04	-0.25	1.66	-1.81	-1.00	0.74	1.13	0.64
73175.00	3.00	1.00	0.00	-0.85	-0.19	-0.41	0.36	-0.58	0.01	-0.11	0.16	-2.01	0.31	-1.40	0.65	-1.73	-2.32	0.03	0.21	0.76	-0.46	-0.94	-0.24
10348.00	3.00	1.00	0.00	-0.52	-0.64	-1.88	-1.07	-0.35	0.01	-1.57	0.56	-0.67	0.65	-0.08	-1.30	-0.41	-1.48	-1.09	-0.93	0.52	-2.08	-0.37	-0.64
10393.00	3.00	1.00	0.00	0.87	0.32	-1.52	-0.18	0.78	0.78	-1.57	-0.29	-1.61	-1.51	0.14	0.34	-0.96	-1.30	0.46	1.01	-0.14	-0.06	0.28	-1.61
10427.00	3.00	1.00	0.00	-0.34	0.10	-0.13	0.36	-0.58	-1.53	-1.57	0.49	-0.23	0.90	-3.48	0.90	0.53	-0.01	-0.01	-0.57	1.06	-1.60	-2.20	1.09
10447.00	3.00	1.00	0.00	-1.37	-1.14	-0.19	 	0.63	 	 	-0.58	0.24	-0.72	0.33	-0.12	0.09	-0.10	-0.66	0.44	-0.89	1.39	1.13	0.13
10638.00	3.00	1.00	0.00	0.67	-1.00	-1.57	-0.71	0.85	-1.53	-1.57	-0.96	-0.17	0.18	0.16	-0.16	1.03	0.93	-0.88	0.04	-0.55	0.54	-0.88	-0.72
11100.00	3.00	1.00	0.00	-0.32	-0.99	0.47	-0.71	0.33	 	-1.08	-0.30	0.04	1.04	-0.33	0.87	-0.04	-0.27	0.60	0.95	0.76	-0.85	0.08	1.20
12036.00	3.00	1.00	0.00	-1.41	0.36	-0.66	-0.18	1.15	0.01	-0.59	-0.34	0.87	0.76	0.35	-0.76	1.20	0.69	-1.34	-1.22	0.69	0.24	0.15	0.59
12753.00	3.00	1.00	0.00	1.15	1.03	0.96	-0.89	1.30	0.78	-0.11	0.21	0.46	0.35	-0.03	0.33	0.71	0.46	0.40	0.45	0.58	0.94	-0.07	0.57
22705.00	3.00	1.00	0.00	-0.86	0.01	0.25	-0.36	0.33	0.78	-0.11	0.20	-1.99	-0.76	1.04	-1.73	0.16	-2.36	-2.09	-0.99	0.15	0.11	0.42	-0.63
26492.00	3.00	1.00	0.00	-0.67	0.04	-0.66	0.18	0.03	-1.53	-0.11	-0.01	-1.10	-1.59	-2.23	-0.11	-1.65	-1.59	-0.38	-0.03	-1.00	-2.86	-1.40	-0.72
31607.00	3.00	1.00	0.00	-0.46	-1.23	-0.31	-0.18	0.10	0.01	0.38	-0.78	-0.61	-0.40	1.22	2.27	0.27	-0.52	0.58	1.00	0.70	0.57	0.83	0.51
31705.00	3.00	1.00	0.00	-0.25	-0.73	-0.83	-1.43	1.45	0.78	-1.08	0.16	0.14	-0.25	-0.45	-1.00	0.90	0.39	-0.44	-1.05	-0.14	-0.60	0.05	-0.61
34152.00	3.00	1.00	0.00	-1.32	-1.15	-1.10	0.90	-0.50	-1.53	-0.59	-0.34	-1.16	0.51	1.14	0.42	0.36	-1.56	1.35	0.03	0.35	-0.84	-0.01	1.09
55501.00	3.00	1.00	0.00	0.69	0.68	1.06	-0.71	0.40	-0.76	0.38	-0.76	0.35	0.19	0.40	-0.95	1.15	0.40	1.28	-0.55	-0.51	-0.36	0.25	0.30
61972.00	3.00	1.00	0.00	-0.35	1.09	0.28	0.18	0.70	-0.76	1.84	0.63	-0.02	-0.14	-0.31	0.13	0.78	0.55	0.02	-0.14	0.09	0.22	0.38	0.54
62101.00	3.00	1.00	0.00	-0.18	0.86	-0.32	0.58	 	 	-1.08	0.03	-0.51	-0.22	0.53	1.63	-0.14	-0.39	0.35	1.29	0.12	-0.05	0.56	0.46
73079.00	3.00	1.00	0.00	-0.78	-1.07	-1.12	-1.07	-0.05	0.78	-1.57	-0.25	0.92	0.72	0.15	0.69	-0.12	0.62	0.25	0.23	0.99	0.63	-0.16	1.32
73143.00	3.00	1.00	0.00	-0.91	-0.91	-0.50	-1.43	1.00	0.01	-0.11	-0.11	0.34	0.78	0.94	0.24	0.03	0.25	1.37	-0.77	0.57	0.86	1.01	0.88
74647.00	3.00	1.00	0.00	-0.76	-0.76	-0.53	-0.18	1.23	0.78	-0.59	0.15	-0.57	1.02	-0.65	0.06	-1.34	-0.36	0.18	-0.03	1.01	0.11	-0.87	1.28
75376.00	3.00	1.00	0.00	0.41	0.38	1.07	-1.07	1.23	0.78	-0.59	-0.62	1.07	-0.43	-1.29	-0.84	0.46	0.96	-0.13	-0.39	-0.75	-0.86	-1.17	-0.71
75568.00	3.00	1.00	0.00	-0.76	0.14	-0.44	-1.43	-3.28	-0.76	-0.11	-0.19	0.68	0.69	-0.75	-1.02	0.32	0.46	-0.47	-1.38	0.07	-0.61	-0.09	0.64
76986.00	3.00	1.00	0.00	-0.40	0.16	1.21	 	-0.50	 	 	0.35	0.62	0.98	0.21	1.27	-0.19	0.71	1.03	0.15	0.55	0.41	0.94	1.07
78036.00	3.00	1.00	0.00	-1.39	-0.94	-0.95	-0.89	0.78	0.78	0.87	-0.77	0.11	0.10	0.50	-1.27	0.54	0.91	-1.83	-1.45	-0.50	0.54	-0.94	-0.03
79678.00	3.00	1.00	0.00	-1.69	-0.78	-1.44	-1.25	1.38	-0.76	-1.57	-0.85	0.25	0.33	-0.19	0.23	1.30	0.66	0.55	0.69	0.52	0.60	0.92	-0.02
80077.00	3.00	1.00	0.00	-0.85	-0.19	-0.41	-0.18	1.07	1.55	1.36	0.00	-0.14	0.41	0.03	-0.26	-0.85	-0.15	-0.17	0.13	1.37	0.21	0.32	0.97
81415.00	3.00	1.00	0.00	1.14	1.14	3.14	-1.07	0.40	0.01	-0.59	-0.65	0.71	0.81	0.73	0.61	1.39	0.85	1.90	0.52	0.60	0.94	0.87	1.10
93028.00	3.00	1.00	0.00	-1.63	1.02	-1.30	-0.89	0.78	1.55	-0.59	0.82	0.67	-0.53	-0.54	0.07	1.09	1.32	1.01	1.12	-1.01	-2.74	-0.31	-0.59
95110.00	3.00	1.00	0.00	-1.07	-0.67	-1.28	-1.43	1.45	-0.76	-1.08	-0.25	0.04	0.56	0.72	0.76	0.88	0.92	0.81	0.69	0.12	-0.11	0.86	0.68
95850.00	3.00	1.00	0.00	-1.52	-0.01	-1.88	0.36	0.10	-1.53	0.87	0.50	0.66	0.67	0.29	0.84	0.49	0.30	0.90	1.17	-0.45	0.04	0.72	0.84
97480.00	3.00	1.00	0.00	0.08	-0.87	0.60	0.18	0.48	-0.76	1.36	-0.05	0.53	0.63	-0.07	1.24	1.08	0.56	1.25	1.19	0.35	0.24	0.39	0.48
11362.00	3.00	1.00	0.00	1.63	2.42	0.05	-0.71	0.10	0.01	0.38	-0.48	-1.06	0.85	-1.21	0.37	-1.30	-0.63	-0.42	0.69	1.07	-1.09	0.29	0.36
12124.00	3.00	1.00	0.00	2.39	-0.21	-0.35	-0.18	0.78	-0.76	1.36	0.35	0.32	0.89	0.24	0.76	0.97	1.13	-0.37	0.20	0.73	1.64	0.97	1.02
17409.00	3.00	1.00	0.00	-1.29	-0.67	-0.86	0.18	0.10	-0.76	0.87	-0.02	0.39	0.12	0.12	0.51	0.54	0.68	0.24	1.30	1.06	0.29	-0.01	0.21
21613.00	3.00	1.00	0.00	-2.20	-0.66	0.79	-0.54	0.78	1.55	1.36	0.80	-0.25	1.07	-3.02	0.80	-0.66	0.11	0.86	0.74	0.86	-0.95	-2.18	1.28
21746.00	3.00	1.00	0.00	-0.18	0.65	1.97	1.25	-2.60	0.01	-0.11	0.07	1.02	0.52	-0.69	-1.06	0.65	0.82	0.67	-0.15	0.04	0.04	-0.14	0.38
23505.00	3.00	1.00	0.00	1.97	1.59	-0.43	-0.89	-0.58	-0.76	-0.59	-0.57	-0.08	0.32	1.16	-1.22	-0.27	-0.49	-1.73	-0.80	0.44	0.70	0.72	0.42
36662.00	3.00	1.00	0.00	0.21	0.73	1.36	0.36	0.10	1.55	0.87	0.19	-0.68	-1.59	-1.97	0.88	-0.68	-0.40	0.80	1.15	-0.60	-1.89	-1.52	-1.85
47232.00	3.00	1.00	0.00	-0.05	-0.59	1.45	-0.71	0.78	0.01	-1.08	-0.05	-0.46	-0.98	0.98	-0.25	-0.42	-0.30	0.08	0.15	-1.48	1.16	0.48	-1.15
48111.00	3.00	1.00	0.00	2.39	-0.21	-0.35	-1.43	1.45	1.55	0.87	-0.59	0.54	-0.02	0.20	0.43	-0.42	1.06	1.55	1.34	-0.46	0.78	-0.19	0.91
56186.00	3.00	1.00	0.00	-1.69	-0.78	-1.44	-0.54	0.78	0.78	-0.11	0.23	-0.22	0.62	1.56	1.08	-1.33	-0.08	1.67	1.51	0.20	0.74	1.06	-0.94
57324.00	3.00	1.00	0.00	-0.86	-1.32	-0.90	1.25	-1.25	-1.53	0.87	0.73	-0.73	0.08	-0.17	0.46	-0.73	-0.69	0.11	0.03	0.95	0.71	0.15	0.15
58682.00	3.00	1.00	0.00	-0.20	0.21	0.24	-0.54	0.78	1.55	0.87	0.12	0.34	0.32	0.94	0.59	0.23	0.12	-0.07	0.35	0.53	1.03	1.44	0.54
64375.00	3.00	1.00	0.00	-0.05	0.18	0.03	0.54	-0.58	0.01	-0.59	-1.36	-0.63	0.26	-0.29	-0.23	-0.45	0.60	0.82	-1.44	0.56	0.19	-0.52	0.24
65659.00	3.00	1.00	0.00	-0.98	-1.10	-0.82	0.18	0.78	1.55	0.38	0.84	0.33	-1.04	-0.47	-1.40	-0.70	0.12	-0.64	-0.52	-1.05	-1.05	-1.73	-1.99
68038.00	3.00	1.00	0.00	-0.86	0.01	0.25	-0.18	0.10	0.01	-0.11	0.38	-0.05	0.26	0.53	-0.04	0.73	0.48	-0.05	-0.56	0.13	0.49	0.41	-0.14
69390.00	3.00	1.00	0.00	0.21	0.32	-0.10	-1.07	0.10	0.01	-0.11	0.53	0.83	-0.01	0.99	-0.17	0.26	0.94	0.30	-0.06	0.08	-0.02	1.01	0.91
70306.00	3.00	1.00	0.00	1.65	-0.13	-0.85	-1.43	1.45	1.55	-1.08	-1.15	-1.22	-0.16	0.66	-0.72	-0.01	-0.78	0.17	-0.15	1.03	1.35	1.03	0.19
70990.00	3.00	1.00	0.00	-0.29	-0.46	0.36	-1.07	0.78	1.55	-1.08	0.65	0.44	0.73	0.44	0.25	0.56	0.40	0.14	0.16	0.51	0.87	0.30	0.66
76420.00	3.00	1.00	0.00	-1.49	-1.23	-1.68	0.00	0.10	0.01	1.36	1.07	0.75	0.87	-1.26	1.96	0.93	0.77	1.48	1.67	0.82	-1.01	-1.12	0.83
77636.00	3.00	1.00	0.00	0.38	-0.65	0.79	-0.71	0.10	-0.76	0.87	-1.52	0.16	-0.44	0.86	0.67	0.25	0.00	-0.31	0.09	-0.56	0.15	0.58	0.74
80564.00	3.00	1.00	0.00	-0.29	-0.46	0.36	2.51	-1.25	-0.76	-1.08	-1.87	-1.64	-0.76	-1.74	0.21	-0.68	-1.75	-0.52	-0.05	-0.31	-0.48	-1.30	-2.10
83102.00	3.00	1.00	0.00	0.38	-0.65	0.79	0.54	0.10	0.01	-1.08	-0.22	-0.63	-0.51	-1.60	-1.44	0.22	0.17	-0.38	-0.94	0.57	-0.97	-0.94	0.20
83281.00	3.00	1.00	0.00	0.84	-0.18	2.76	-1.07	0.10	0.78	-1.08	-0.80	0.61	0.10	-0.11	0.48	1.02	1.14	-0.71	0.08	0.87	0.69	0.56	0.60
12464.00	4.00	1.00	1.00	0.21	0.73	1.36	0.18	0.10	0.78	-1.08	2.62	-1.23	0.21	-0.21	0.54	-1.19	-0.52	0.09	-0.62	1.35	-0.09	-0.64	0.64
19517.00	4.00	1.00	1.00	-0.41	-0.41	0.18	0.18	-1.93	1.55	-0.59	0.84	0.30	-0.63	0.89	-1.52	-0.03	0.24	0.01	-0.66	1.07	0.04	0.51	-0.53
26930.00	4.00	1.00	1.00	-0.70	1.42	-0.09	0.54	0.10	-0.76	-0.59	0.96	1.35	0.50	1.21	2.31	-0.08	0.64	1.41	2.12	0.12	0.44	1.22	-0.08
32777.00	4.00	1.00	1.00	0.45	0.97	-0.52	0.72	-1.25	0.78	-1.08	1.22	-0.63	-0.69	0.10	0.60	-0.37	-0.05	-0.02	0.05	-0.57	0.15	0.47	-1.27
33958.00	4.00	1.00	1.00	-0.03	-0.65	0.73	0.18	0.10	0.01	1.36	0.31	-0.86	-0.53	1.00	0.47	0.36	-0.30	-0.31	0.51	-0.79	1.33	0.95	0.12
34787.00	4.00	1.00	1.00	-0.91	-1.06	-1.31	-0.36	0.10	0.78	-1.08	0.56	0.07	-0.37	-1.10	0.61	-2.87	-0.72	-0.95	-0.05	-0.50	-1.04	-1.31	-0.01
37202.00	4.00	1.00	1.00	2.10	-1.62	-1.42	0.18	-1.25	0.01	-0.11	0.84	0.36	-0.13	0.50	0.14	1.22	0.09	0.47	-0.26	-1.46	0.73	0.74	0.44
39190.00	4.00	1.00	1.00	-0.49	1.31	-2.13	1.61	-1.93	1.55	0.87	2.46	0.28	0.26	0.67	-0.74	-0.27	0.36	-0.37	-1.03	-0.03	1.00	1.43	0.71
57635.00	4.00	1.00	1.00	0.87	0.32	-1.52	1.25	-1.93	1.55	-0.59	-0.52	-0.74	-0.56	-0.05	-0.48	-1.27	-0.75	-1.71	0.72	-0.15	0.15	0.32	-0.78
61523.00	4.00	1.00	1.00	-2.02	-0.51	-0.96	-1.07	1.45	1.55	1.84	2.06	0.47	0.45	0.89	-0.24	-0.92	-0.45	-0.43	0.13	0.41	1.55	0.73	-0.69
63644.00	4.00	1.00	1.00	0.37	-1.02	-0.24	-1.25	 	0.01	-1.08	0.84	-0.65	0.46	-0.33	-0.26	-0.81	-0.53	-0.54	0.17	0.69	-0.56	-0.08	0.72
78818.00	4.00	1.00	1.00	-0.25	-0.73	-0.83	-1.07	1.45	0.01	0.38	-1.09	0.15	-0.35	1.16	-0.23	0.15	0.31	0.56	0.13	0.73	0.34	0.51	0.65
81260.00	4.00	1.00	1.00	0.08	-0.87	0.60	0.72	-1.25	0.01	-0.59	-0.52	-0.71	0.61	-0.13	-0.66	-0.63	-0.11	0.38	-0.62	-1.94	0.66	0.75	0.39
84894.00	4.00	1.00	1.00	-1.17	-0.52	-0.72	1.79	-1.25	0.01	-1.08	1.60	-0.65	0.35	0.87	0.32	0.11	-0.01	0.24	0.71	-0.38	1.52	0.73	0.26
85220.00	4.00	1.00	1.00	0.45	0.97	-0.52	0.00	0.10	0.78	1.84	0.76	0.99	0.61	-1.20	0.91	0.91	0.82	0.42	0.35	-0.83	-1.58	-0.77	0.41
92675.00	4.00	1.00	1.00	1.29	2.21	2.23	-1.07	0.78	0.78	1.84	0.20	0.02	0.35	-0.23	-1.03	0.86	0.88	0.26	0.43	-0.27	-0.53	-0.44	0.42
93811.00	4.00	1.00	1.00	-1.56	-0.85	-1.05	-0.89	1.45	0.01	-0.59	0.53	0.05	0.57	0.63	-0.41	0.91	0.93	0.67	-0.71	0.99	0.11	0.25	0.53
97882.00	4.00	1.00	1.00	-0.51	-1.07	-0.51	-0.89	0.78	0.78	-0.59	-0.76	0.66	0.62	-0.46	-0.37	-1.14	0.80	-2.68	-1.21	-0.28	0.46	-0.34	-0.43
97883.00	4.00	1.00	1.00	-1.29	-0.67	-0.86	-1.25	1.45	0.01	1.36	-0.28	0.80	0.63	1.12	1.06	0.60	0.70	0.64	-0.17	-0.79	0.71	1.35	0.08
10642.00	4.00	1.00	1.00	-0.69	2.26	0.05	0.18	-1.10	-0.76	-1.57	-1.09	-0.88	-1.41	-0.14	0.18	0.68	-0.33	1.05	-0.14	-0.82	-0.20	-0.30	-1.48
10767.00	4.00	1.00	1.00	-0.25	-0.73	-0.83	0.36	0.70	0.01	-1.57	0.40	-0.62	-0.11	1.09	-0.55	-0.36	0.42	-1.13	-1.37	-0.82	1.80	1.39	0.23
10928.00	4.00	1.00	1.00	0.21	0.32	-0.10	-0.89	-0.05	0.01	-1.57	-0.69	0.27	0.34	-0.23	-0.68	0.04	-1.05	-0.31	-0.41	-2.15	-0.42	-0.31	-1.04
11037.00	4.00	1.00	1.00	-1.12	-0.45	2.53	-0.89	1.00	-0.76	-1.57	0.00	1.39	0.61	0.63	-0.86	1.74	1.60	-0.75	-2.24	0.85	0.82	-0.51	-0.46
11408.00	4.00	1.00	1.00	-0.29	-0.46	0.36	1.25	-0.73	-0.76	-0.59	-0.07	0.81	0.34	0.46	0.76	-0.20	0.72	1.55	0.71	0.94	0.83	1.39	0.60
11848.00	4.00	1.00	1.00	0.79	0.62	-0.24	-0.36	0.63	0.01	-0.11	-1.04	-1.23	-0.72	-1.34	-0.19	-0.86	-1.24	-0.28	0.39	-0.75	-0.78	-0.59	-0.39
17512.00	4.00	1.00	1.00	-0.09	-1.12	-0.05	-0.89	1.23	0.78	0.87	-0.25	0.11	0.65	0.24	-0.65	-0.17	0.43	-2.39	-0.96	0.11	0.44	0.20	0.74
20464.00	4.00	1.00	1.00	0.02	-2.63	-1.42	-0.36	1.38	0.01	-1.08	-1.68	-0.01	0.06	0.35	0.51	0.34	-0.31	0.18	-0.36	0.59	0.06	0.49	0.30
31577.00	4.00	1.00	1.00	-1.21	-0.49	0.74	0.36	0.55	0.01	1.84	-0.60	0.92	0.61	0.15	1.00	-0.18	0.65	0.94	1.00	0.28	-0.24	0.42	0.20
33450.00	4.00	1.00	1.00	-0.01	1.26	-0.34	0.36	-0.13	0.01	0.87	-0.40	0.88	0.81	1.06	-1.91	-0.20	-0.49	-2.34	-1.90	0.29	0.58	0.52	0.90
40250.00	4.00	1.00	1.00	0.93	0.15	-0.04	-0.89	0.63	0.78	0.38	0.35	0.72	0.97	-0.62	-0.90	0.73	1.11	-0.52	-0.38	1.14	0.64	-0.26	0.87
40352.00	4.00	1.00	1.00	-0.49	-1.36	-0.36	-0.36	0.85	0.78	-1.57	0.97	0.48	0.29	-0.53	1.10	-1.48	0.02	0.61	0.35	-1.38	0.55	0.32	-1.51
46157.00	4.00	1.00	1.00	1.82	-0.21	0.52	0.72	-0.58	-0.76	1.36	0.00	0.96	-0.31	-1.81	-1.17	-0.97	0.80	-0.41	0.05	-0.54	-1.18	-1.03	-0.29
46256.00	4.00	1.00	1.00	0.75	0.54	1.73	-1.07	1.08	0.01	-1.57	-1.13	0.11	0.57	-0.15	-0.46	0.73	0.09	-0.89	-0.84	0.67	0.28	0.57	0.42
47142.00	4.00	1.00	1.00	-0.29	-0.46	0.36	-0.89	0.63	0.78	-1.08	-0.26	-0.06	-0.87	1.12	-0.51	0.57	0.24	-1.83	-0.06	0.79	0.57	1.22	0.30
55082.00	4.00	1.00	1.00	-0.25	-0.73	-0.83	-1.43	0.63	0.01	1.36	0.35	0.42	-1.80	0.01	1.58	0.47	0.26	0.76	1.68	-1.87	-0.75	-0.20	-1.92
70076.00	4.00	1.00	1.00	-0.70	-1.29	0.51	-0.71	0.70	0.01	-0.59	-0.03	0.55	0.41	1.00	-0.18	0.64	-0.07	0.22	0.93	0.54	0.69	0.69	1.01
71377.00	4.00	1.00	1.00	0.19	-1.45	-1.23	-1.25	1.45	0.78	-0.11	0.02	0.38	-0.48	0.53	-0.29	0.46	0.37	-0.98	-1.22	0.10	0.96	0.99	0.65
85831.00	4.00	1.00	1.00	-0.25	-0.73	-0.83	0.36	0.55	-0.76	-1.08	-0.10	1.03	0.63	0.58	0.00	0.47	1.09	0.60	0.24	0.99	0.95	0.64	0.89
87498.00	4.00	1.00	1.00	1.11	0.30	1.80	-1.43	1.00	0.78	0.38	-1.00	1.02	0.61	-0.30	0.86	1.13	1.26	1.79	0.64	0.51	1.01	0.30	1.32
93047.00	4.00	1.00	1.00	0.82	-0.25	-0.52	0.00	0.33	0.01	-0.59	0.21	-0.41	0.13	0.08	-0.15	0.65	0.75	0.39	-0.43	0.57	-0.33	-0.48	-0.50
98205.00	4.00	1.00	1.00	0.01	0.87	2.68	1.07	0.55	0.78	-1.08	-0.54	0.28	-0.14	0.74	-0.21	0.39	0.31	1.05	0.20	0.31	1.28	0.53	-0.98
99631.00	4.00	1.00	1.00	2.10	-1.62	-1.42	0.36	0.48	-0.76	-0.11	0.89	0.92	0.33	1.32	0.19	-0.77	1.09	-1.58	-0.83	0.54	1.19	0.97	0.85
